Instance,ObjectiveTruckVector,FSC_1,FSC_2,FSC_3,FSC_4,FSC_5,FSC_6,FSC_7,FSC_8,FSC_9,FSC_10
Instance 1,[103,42,6,8,8,8,3,3,6,8,8,3],[GN_CIE_1],[PAINF_CIE_1],[PAINF_CIE_2],[PAINF_CIE_3],[AT_CIE_1],[AT_CIE_2],[GN_CIE_2],[PAINF_CIE_4],[PAINF_CIE_5],[AT_CIE_3]
Instance 2,[102,42,6,8,8,8,3,3,6,8,10,0],[GN_CIE_1],[PAINF_CIE_1],[PAINF_CIE_2],[PAINF_CIE_3],[AT_CIE_1],[AT_CIE_2],[GN_CIE_2],[PAINF_CIE_4],[AT_CIE_3,PAINF_CIE_5],[]
Instance 3,[104,43,6,8,8,8,3,3,6,16,3,0],[GN_CIE_1],[PAINF_CIE_1],[PAINF_CIE_2],[PAINF_CIE_3],[AT_CIE_1],[AT_CIE_2],[GN_CIE_2],[PAINF_CIE_4,PAINF_CIE_5],[AT_CIE_3],[]
Instance 4,[103,43,6,8,8,8,3,3,6,18,0,0],[GN_CIE_1],[PAINF_CIE_1],[PAINF_CIE_2],[PAINF_CIE_3],[AT_CIE_1],[AT_CIE_2],[GN_CIE_2],[AT_CIE_3,PAINF_CIE_4,PAINF_CIE_5],[],[]
Instance 5,[103,42,6,8,8,8,3,3,14,8,3,0],[GN_CIE_1],[PAINF_CIE_1],[PAINF_CIE_2],[PAINF_CIE_3],[AT_CIE_1],[AT_CIE_2],[GN_CIE_2,PAINF_CIE_4],[PAINF_CIE_5],[AT_CIE_3],[]
Instance 6,[102,42,6,8,8,8,3,3,14,10,0,0],[GN_CIE_1],[PAINF_CIE_1],[PAINF_CIE_2],[PAINF_CIE_3],[AT_CIE_1],[AT_CIE_2],[GN_CIE_2,PAINF_CIE_4],[AT_CIE_3,PAINF_CIE_5],[],[]
Instance 7,[103,43,6,8,8,8,3,3,21,3,0,0],[GN_CIE_1],[PAINF_CIE_1],[PAINF_CIE_2],[PAINF_CIE_3],[AT_CIE_1],[AT_CIE_2],[GN_CIE_2,PAINF_CIE_4,PAINF_CIE_5],[AT_CIE_3],[],[]
Instance 8,[103,43,6,8,8,8,3,3,24,0,0,0],[GN_CIE_1],[PAINF_CIE_1],[PAINF_CIE_2],[PAINF_CIE_3],[AT_CIE_1],[AT_CIE_2],[AT_CIE_3,GN_CIE_2,PAINF_CIE_4,PAINF_CIE_5],[],[],[]
Instance 9,[102,42,6,8,8,8,3,8,8,8,3,0],[GN_CIE_1],[PAINF_CIE_1],[PAINF_CIE_2],[PAINF_CIE_3],[AT_CIE_1],[AT_CIE_2,GN_CIE_2],[PAINF_CIE_4],[PAINF_CIE_5],[AT_CIE_3],[]
Instance 10,[101,42,6,8,8,8,3,8,8,10,0,0],[GN_CIE_1],[PAINF_CIE_1],[PAINF_CIE_2],[PAINF_CIE_3],[AT_CIE_1],[AT_CIE_2,GN_CIE_2],[PAINF_CIE_4],[AT_CIE_3,PAINF_CIE_5],[],[]
Instance 11,[103,43,6,8,8,8,3,8,16,3,0,0],[GN_CIE_1],[PAINF_CIE_1],[PAINF_CIE_2],[PAINF_CIE_3],[AT_CIE_1],[AT_CIE_2,GN_CIE_2],[PAINF_CIE_4,PAINF_CIE_5],[AT_CIE_3],[],[]
Instance 12,[102,43,6,8,8,8,3,8,18,0,0,0],[GN_CIE_1],[PAINF_CIE_1],[PAINF_CIE_2],[PAINF_CIE_3],[AT_CIE_1],[AT_CIE_2,GN_CIE_2],[AT_CIE_3,PAINF_CIE_4,PAINF_CIE_5],[],[],[]
Instance 13,[102,42,6,8,8,8,3,16,8,3,0,0],[GN_CIE_1],[PAINF_CIE_1],[PAINF_CIE_2],[PAINF_CIE_3],[AT_CIE_1],[AT_CIE_2,GN_CIE_2,PAINF_CIE_4],[PAINF_CIE_5],[AT_CIE_3],[],[]
Instance 14,[101,42,6,8,8,8,3,16,10,0,0,0],[GN_CIE_1],[PAINF_CIE_1],[PAINF_CIE_2],[PAINF_CIE_3],[AT_CIE_1],[AT_CIE_2,GN_CIE_2,PAINF_CIE_4],[AT_CIE_3,PAINF_CIE_5],[],[],[]
Instance 15,[103,43,6,8,8,8,3,24,3,0,0,0],[GN_CIE_1],[PAINF_CIE_1],[PAINF_CIE_2],[PAINF_CIE_3],[AT_CIE_1],[AT_CIE_2,GN_CIE_2,PAINF_CIE_4,PAINF_CIE_5],[AT_CIE_3],[],[],[]
Instance 16,[102,43,6,8,8,8,3,26,0,0,0,0],[GN_CIE_1],[PAINF_CIE_1],[PAINF_CIE_2],[PAINF_CIE_3],[AT_CIE_1],[AT_CIE_2,AT_CIE_3,GN_CIE_2,PAINF_CIE_4,PAINF_CIE_5],[],[],[],[]
Instance 17,[102,42,6,8,8,8,5,6,8,8,3,0],[GN_CIE_1],[PAINF_CIE_1],[PAINF_CIE_2],[PAINF_CIE_3],[AT_CIE_1,AT_CIE_2],[GN_CIE_2],[PAINF_CIE_4],[PAINF_CIE_5],[AT_CIE_3],[]
Instance 18,[101,42,6,8,8,8,5,6,8,10,0,0],[GN_CIE_1],[PAINF_CIE_1],[PAINF_CIE_2],[PAINF_CIE_3],[AT_CIE_1,AT_CIE_2],[GN_CIE_2],[PAINF_CIE_4],[AT_CIE_3,PAINF_CIE_5],[],[]
Instance 19,[103,43,6,8,8,8,5,6,16,3,0,0],[GN_CIE_1],[PAINF_CIE_1],[PAINF_CIE_2],[PAINF_CIE_3],[AT_CIE_1,AT_CIE_2],[GN_CIE_2],[PAINF_CIE_4,PAINF_CIE_5],[AT_CIE_3],[],[]
Instance 20,[102,43,6,8,8,8,5,6,18,0,0,0],[GN_CIE_1],[PAINF_CIE_1],[PAINF_CIE_2],[PAINF_CIE_3],[AT_CIE_1,AT_CIE_2],[GN_CIE_2],[AT_CIE_3,PAINF_CIE_4,PAINF_CIE_5],[],[],[]
Instance 21,[102,42,6,8,8,8,5,14,8,3,0,0],[GN_CIE_1],[PAINF_CIE_1],[PAINF_CIE_2],[PAINF_CIE_3],[AT_CIE_1,AT_CIE_2],[GN_CIE_2,PAINF_CIE_4],[PAINF_CIE_5],[AT_CIE_3],[],[]
Instance 22,[101,42,6,8,8,8,5,14,10,0,0,0],[GN_CIE_1],[PAINF_CIE_1],[PAINF_CIE_2],[PAINF_CIE_3],[AT_CIE_1,AT_CIE_2],[GN_CIE_2,PAINF_CIE_4],[AT_CIE_3,PAINF_CIE_5],[],[],[]
Instance 23,[102,43,6,8,8,8,5,21,3,0,0,0],[GN_CIE_1],[PAINF_CIE_1],[PAINF_CIE_2],[PAINF_CIE_3],[AT_CIE_1,AT_CIE_2],[GN_CIE_2,PAINF_CIE_4,PAINF_CIE_5],[AT_CIE_3],[],[],[]
Instance 24,[102,43,6,8,8,8,5,24,0,0,0,0],[GN_CIE_1],[PAINF_CIE_1],[PAINF_CIE_2],[PAINF_CIE_3],[AT_CIE_1,AT_CIE_2],[AT_CIE_3,GN_CIE_2,PAINF_CIE_4,PAINF_CIE_5],[],[],[],[]
Instance 25,[102,42,6,8,8,8,11,8,8,3,0,0],[GN_CIE_1],[PAINF_CIE_1],[PAINF_CIE_2],[PAINF_CIE_3],[AT_CIE_1,AT_CIE_2,GN_CIE_2],[PAINF_CIE_4],[PAINF_CIE_5],[AT_CIE_3],[],[]
Instance 26,[101,42,6,8,8,8,11,8,10,0,0,0],[GN_CIE_1],[PAINF_CIE_1],[PAINF_CIE_2],[PAINF_CIE_3],[AT_CIE_1,AT_CIE_2,GN_CIE_2],[PAINF_CIE_4],[AT_CIE_3,PAINF_CIE_5],[],[],[]
Instance 27,[103,43,6,8,8,8,11,16,3,0,0,0],[GN_CIE_1],[PAINF_CIE_1],[PAINF_CIE_2],[PAINF_CIE_3],[AT_CIE_1,AT_CIE_2,GN_CIE_2],[PAINF_CIE_4,PAINF_CIE_5],[AT_CIE_3],[],[],[]
Instance 28,[102,43,6,8,8,8,11,18,0,0,0,0],[GN_CIE_1],[PAINF_CIE_1],[PAINF_CIE_2],[PAINF_CIE_3],[AT_CIE_1,AT_CIE_2,GN_CIE_2],[AT_CIE_3,PAINF_CIE_4,PAINF_CIE_5],[],[],[],[]
Instance 29,[101,42,6,8,8,8,18,8,3,0,0,0],[GN_CIE_1],[PAINF_CIE_1],[PAINF_CIE_2],[PAINF_CIE_3],[AT_CIE_1,AT_CIE_2,GN_CIE_2,PAINF_CIE_4],[PAINF_CIE_5],[AT_CIE_3],[],[],[]
Instance 30,[100,42,6,8,8,8,18,10,0,0,0,0],[GN_CIE_1],[PAINF_CIE_1],[PAINF_CIE_2],[PAINF_CIE_3],[AT_CIE_1,AT_CIE_2,GN_CIE_2,PAINF_CIE_4],[AT_CIE_3,PAINF_CIE_5],[],[],[],[]
Instance 31,[102,43,6,8,8,8,26,3,0,0,0,0],[GN_CIE_1],[PAINF_CIE_1],[PAINF_CIE_2],[PAINF_CIE_3],[AT_CIE_1,AT_CIE_2,GN_CIE_2,PAINF_CIE_4,PAINF_CIE_5],[AT_CIE_3],[],[],[],[]
Instance 32,[101,43,6,8,8,8,28,0,0,0,0,0],[GN_CIE_1],[PAINF_CIE_1],[PAINF_CIE_2],[PAINF_CIE_3],[AT_CIE_1,AT_CIE_2,AT_CIE_3,GN_CIE_2,PAINF_CIE_4,PAINF_CIE_5],[],[],[],[],[]
Instance 33,[102,42,6,8,8,10,3,6,8,8,3,0],[GN_CIE_1],[PAINF_CIE_1],[PAINF_CIE_2],[AT_CIE_1,PAINF_CIE_3],[AT_CIE_2],[GN_CIE_2],[PAINF_CIE_4],[PAINF_CIE_5],[AT_CIE_3],[]
Instance 34,[101,42,6,8,8,10,3,6,8,10,0,0],[GN_CIE_1],[PAINF_CIE_1],[PAINF_CIE_2],[AT_CIE_1,PAINF_CIE_3],[AT_CIE_2],[GN_CIE_2],[PAINF_CIE_4],[AT_CIE_3,PAINF_CIE_5],[],[]
Instance 35,[103,43,6,8,8,10,3,6,16,3,0,0],[GN_CIE_1],[PAINF_CIE_1],[PAINF_CIE_2],[AT_CIE_1,PAINF_CIE_3],[AT_CIE_2],[GN_CIE_2],[PAINF_CIE_4,PAINF_CIE_5],[AT_CIE_3],[],[]
Instance 36,[102,43,6,8,8,10,3,6,18,0,0,0],[GN_CIE_1],[PAINF_CIE_1],[PAINF_CIE_2],[AT_CIE_1,PAINF_CIE_3],[AT_CIE_2],[GN_CIE_2],[AT_CIE_3,PAINF_CIE_4,PAINF_CIE_5],[],[],[]
Instance 37,[102,42,6,8,8,10,3,14,8,3,0,0],[GN_CIE_1],[PAINF_CIE_1],[PAINF_CIE_2],[AT_CIE_1,PAINF_CIE_3],[AT_CIE_2],[GN_CIE_2,PAINF_CIE_4],[PAINF_CIE_5],[AT_CIE_3],[],[]
Instance 38,[101,42,6,8,8,10,3,14,10,0,0,0],[GN_CIE_1],[PAINF_CIE_1],[PAINF_CIE_2],[AT_CIE_1,PAINF_CIE_3],[AT_CIE_2],[GN_CIE_2,PAINF_CIE_4],[AT_CIE_3,PAINF_CIE_5],[],[],[]
Instance 39,[102,43,6,8,8,10,3,21,3,0,0,0],[GN_CIE_1],[PAINF_CIE_1],[PAINF_CIE_2],[AT_CIE_1,PAINF_CIE_3],[AT_CIE_2],[GN_CIE_2,PAINF_CIE_4,PAINF_CIE_5],[AT_CIE_3],[],[],[]
Instance 40,[102,43,6,8,8,10,3,24,0,0,0,0],[GN_CIE_1],[PAINF_CIE_1],[PAINF_CIE_2],[AT_CIE_1,PAINF_CIE_3],[AT_CIE_2],[AT_CIE_3,GN_CIE_2,PAINF_CIE_4,PAINF_CIE_5],[],[],[],[]
Instance 41,[101,42,6,8,8,10,8,8,8,3,0,0],[GN_CIE_1],[PAINF_CIE_1],[PAINF_CIE_2],[AT_CIE_1,PAINF_CIE_3],[AT_CIE_2,GN_CIE_2],[PAINF_CIE_4],[PAINF_CIE_5],[AT_CIE_3],[],[]
Instance 42,[100,42,6,8,8,10,8,8,10,0,0,0],[GN_CIE_1],[PAINF_CIE_1],[PAINF_CIE_2],[AT_CIE_1,PAINF_CIE_3],[AT_CIE_2,GN_CIE_2],[PAINF_CIE_4],[AT_CIE_3,PAINF_CIE_5],[],[],[]
Instance 43,[102,43,6,8,8,10,8,16,3,0,0,0],[GN_CIE_1],[PAINF_CIE_1],[PAINF_CIE_2],[AT_CIE_1,PAINF_CIE_3],[AT_CIE_2,GN_CIE_2],[PAINF_CIE_4,PAINF_CIE_5],[AT_CIE_3],[],[],[]
Instance 44,[101,43,6,8,8,10,8,18,0,0,0,0],[GN_CIE_1],[PAINF_CIE_1],[PAINF_CIE_2],[AT_CIE_1,PAINF_CIE_3],[AT_CIE_2,GN_CIE_2],[AT_CIE_3,PAINF_CIE_4,PAINF_CIE_5],[],[],[],[]
Instance 45,[101,42,6,8,8,10,16,8,3,0,0,0],[GN_CIE_1],[PAINF_CIE_1],[PAINF_CIE_2],[AT_CIE_1,PAINF_CIE_3],[AT_CIE_2,GN_CIE_2,PAINF_CIE_4],[PAINF_CIE_5],[AT_CIE_3],[],[],[]
Instance 46,[100,42,6,8,8,10,16,10,0,0,0,0],[GN_CIE_1],[PAINF_CIE_1],[PAINF_CIE_2],[AT_CIE_1,PAINF_CIE_3],[AT_CIE_2,GN_CIE_2,PAINF_CIE_4],[AT_CIE_3,PAINF_CIE_5],[],[],[],[]
Instance 47,[102,43,6,8,8,10,24,3,0,0,0,0],[GN_CIE_1],[PAINF_CIE_1],[PAINF_CIE_2],[AT_CIE_1,PAINF_CIE_3],[AT_CIE_2,GN_CIE_2,PAINF_CIE_4,PAINF_CIE_5],[AT_CIE_3],[],[],[],[]
Instance 48,[101,43,6,8,8,10,26,0,0,0,0,0],[GN_CIE_1],[PAINF_CIE_1],[PAINF_CIE_2],[AT_CIE_1,PAINF_CIE_3],[AT_CIE_2,AT_CIE_3,GN_CIE_2,PAINF_CIE_4,PAINF_CIE_5],[],[],[],[],[]
Instance 49,[102,42,6,8,8,13,6,8,8,3,0,0],[GN_CIE_1],[PAINF_CIE_1],[PAINF_CIE_2],[AT_CIE_1,AT_CIE_2,PAINF_CIE_3],[GN_CIE_2],[PAINF_CIE_4],[PAINF_CIE_5],[AT_CIE_3],[],[]
Instance 50,[101,42,6,8,8,13,6,8,10,0,0,0],[GN_CIE_1],[PAINF_CIE_1],[PAINF_CIE_2],[AT_CIE_1,AT_CIE_2,PAINF_CIE_3],[GN_CIE_2],[PAINF_CIE_4],[AT_CIE_3,PAINF_CIE_5],[],[],[]
Instance 51,[103,43,6,8,8,13,6,16,3,0,0,0],[GN_CIE_1],[PAINF_CIE_1],[PAINF_CIE_2],[AT_CIE_1,AT_CIE_2,PAINF_CIE_3],[GN_CIE_2],[PAINF_CIE_4,PAINF_CIE_5],[AT_CIE_3],[],[],[]
Instance 52,[102,43,6,8,8,13,6,18,0,0,0,0],[GN_CIE_1],[PAINF_CIE_1],[PAINF_CIE_2],[AT_CIE_1,AT_CIE_2,PAINF_CIE_3],[GN_CIE_2],[AT_CIE_3,PAINF_CIE_4,PAINF_CIE_5],[],[],[],[]
Instance 53,[102,42,6,8,8,13,14,8,3,0,0,0],[GN_CIE_1],[PAINF_CIE_1],[PAINF_CIE_2],[AT_CIE_1,AT_CIE_2,PAINF_CIE_3],[GN_CIE_2,PAINF_CIE_4],[PAINF_CIE_5],[AT_CIE_3],[],[],[]
Instance 54,[101,42,6,8,8,13,14,10,0,0,0,0],[GN_CIE_1],[PAINF_CIE_1],[PAINF_CIE_2],[AT_CIE_1,AT_CIE_2,PAINF_CIE_3],[GN_CIE_2,PAINF_CIE_4],[AT_CIE_3,PAINF_CIE_5],[],[],[],[]
Instance 55,[102,43,6,8,8,13,21,3,0,0,0,0],[GN_CIE_1],[PAINF_CIE_1],[PAINF_CIE_2],[AT_CIE_1,AT_CIE_2,PAINF_CIE_3],[GN_CIE_2,PAINF_CIE_4,PAINF_CIE_5],[AT_CIE_3],[],[],[],[]
Instance 56,[102,43,6,8,8,13,24,0,0,0,0,0],[GN_CIE_1],[PAINF_CIE_1],[PAINF_CIE_2],[AT_CIE_1,AT_CIE_2,PAINF_CIE_3],[AT_CIE_3,GN_CIE_2,PAINF_CIE_4,PAINF_CIE_5],[],[],[],[],[]
Instance 57,[101,42,6,8,8,18,8,8,3,0,0,0],[GN_CIE_1],[PAINF_CIE_1],[PAINF_CIE_2],[AT_CIE_1,AT_CIE_2,GN_CIE_2,PAINF_CIE_3],[PAINF_CIE_4],[PAINF_CIE_5],[AT_CIE_3],[],[],[]
Instance 58,[100,42,6,8,8,18,8,10,0,0,0,0],[GN_CIE_1],[PAINF_CIE_1],[PAINF_CIE_2],[AT_CIE_1,AT_CIE_2,GN_CIE_2,PAINF_CIE_3],[PAINF_CIE_4],[AT_CIE_3,PAINF_CIE_5],[],[],[],[]
Instance 59,[102,43,6,8,8,18,16,3,0,0,0,0],[GN_CIE_1],[PAINF_CIE_1],[PAINF_CIE_2],[AT_CIE_1,AT_CIE_2,GN_CIE_2,PAINF_CIE_3],[PAINF_CIE_4,PAINF_CIE_5],[AT_CIE_3],[],[],[],[]
Instance 60,[101,43,6,8,8,18,18,0,0,0,0,0],[GN_CIE_1],[PAINF_CIE_1],[PAINF_CIE_2],[AT_CIE_1,AT_CIE_2,GN_CIE_2,PAINF_CIE_3],[AT_CIE_3,PAINF_CIE_4,PAINF_CIE_5],[],[],[],[],[]
Instance 61,[102,43,6,8,8,26,8,3,0,0,0,0],[GN_CIE_1],[PAINF_CIE_1],[PAINF_CIE_2],[AT_CIE_1,AT_CIE_2,GN_CIE_2,PAINF_CIE_3,PAINF_CIE_4],[PAINF_CIE_5],[AT_CIE_3],[],[],[],[]
Instance 62,[101,43,6,8,8,26,10,0,0,0,0,0],[GN_CIE_1],[PAINF_CIE_1],[PAINF_CIE_2],[AT_CIE_1,AT_CIE_2,GN_CIE_2,PAINF_CIE_3,PAINF_CIE_4],[AT_CIE_3,PAINF_CIE_5],[],[],[],[],[]
Instance 63,[102,43,6,8,8,34,3,0,0,0,0,0],[GN_CIE_1],[PAINF_CIE_1],[PAINF_CIE_2],[AT_CIE_1,AT_CIE_2,GN_CIE_2,PAINF_CIE_3,PAINF_CIE_4,PAINF_CIE_5],[AT_CIE_3],[],[],[],[],[]
Instance 64,[101,43,6,8,8,36,0,0,0,0,0,0],[GN_CIE_1],[PAINF_CIE_1],[PAINF_CIE_2],[AT_CIE_1,AT_CIE_2,AT_CIE_3,GN_CIE_2,PAINF_CIE_3,PAINF_CIE_4,PAINF_CIE_5],[],[],[],[],[],[]
Instance 65,[104,43,6,8,16,3,3,6,8,8,3,0],[GN_CIE_1],[PAINF_CIE_1],[PAINF_CIE_2,PAINF_CIE_3],[AT_CIE_1],[AT_CIE_2],[GN_CIE_2],[PAINF_CIE_4],[PAINF_CIE_5],[AT_CIE_3],[]
Instance 66,[103,43,6,8,16,3,3,6,8,10,0,0],[GN_CIE_1],[PAINF_CIE_1],[PAINF_CIE_2,PAINF_CIE_3],[AT_CIE_1],[AT_CIE_2],[GN_CIE_2],[PAINF_CIE_4],[AT_CIE_3,PAINF_CIE_5],[],[]
Instance 67,[104,43,6,8,16,3,3,6,16,3,0,0],[GN_CIE_1],[PAINF_CIE_1],[PAINF_CIE_2,PAINF_CIE_3],[AT_CIE_1],[AT_CIE_2],[GN_CIE_2],[PAINF_CIE_4,PAINF_CIE_5],[AT_CIE_3],[],[]
Instance 68,[103,43,6,8,16,3,3,6,18,0,0,0],[GN_CIE_1],[PAINF_CIE_1],[PAINF_CIE_2,PAINF_CIE_3],[AT_CIE_1],[AT_CIE_2],[GN_CIE_2],[AT_CIE_3,PAINF_CIE_4,PAINF_CIE_5],[],[],[]
Instance 69,[104,43,6,8,16,3,3,14,8,3,0,0],[GN_CIE_1],[PAINF_CIE_1],[PAINF_CIE_2,PAINF_CIE_3],[AT_CIE_1],[AT_CIE_2],[GN_CIE_2,PAINF_CIE_4],[PAINF_CIE_5],[AT_CIE_3],[],[]
Instance 70,[103,43,6,8,16,3,3,14,10,0,0,0],[GN_CIE_1],[PAINF_CIE_1],[PAINF_CIE_2,PAINF_CIE_3],[AT_CIE_1],[AT_CIE_2],[GN_CIE_2,PAINF_CIE_4],[AT_CIE_3,PAINF_CIE_5],[],[],[]
Instance 71,[103,43,6,8,16,3,3,21,3,0,0,0],[GN_CIE_1],[PAINF_CIE_1],[PAINF_CIE_2,PAINF_CIE_3],[AT_CIE_1],[AT_CIE_2],[GN_CIE_2,PAINF_CIE_4,PAINF_CIE_5],[AT_CIE_3],[],[],[]
Instance 72,[103,43,6,8,16,3,3,24,0,0,0,0],[GN_CIE_1],[PAINF_CIE_1],[PAINF_CIE_2,PAINF_CIE_3],[AT_CIE_1],[AT_CIE_2],[AT_CIE_3,GN_CIE_2,PAINF_CIE_4,PAINF_CIE_5],[],[],[],[]
Instance 73,[103,43,6,8,16,3,8,8,8,3,0,0],[GN_CIE_1],[PAINF_CIE_1],[PAINF_CIE_2,PAINF_CIE_3],[AT_CIE_1],[AT_CIE_2,GN_CIE_2],[PAINF_CIE_4],[PAINF_CIE_5],[AT_CIE_3],[],[]
Instance 74,[102,43,6,8,16,3,8,8,10,0,0,0],[GN_CIE_1],[PAINF_CIE_1],[PAINF_CIE_2,PAINF_CIE_3],[AT_CIE_1],[AT_CIE_2,GN_CIE_2],[PAINF_CIE_4],[AT_CIE_3,PAINF_CIE_5],[],[],[]
Instance 75,[103,43,6,8,16,3,8,16,3,0,0,0],[GN_CIE_1],[PAINF_CIE_1],[PAINF_CIE_2,PAINF_CIE_3],[AT_CIE_1],[AT_CIE_2,GN_CIE_2],[PAINF_CIE_4,PAINF_CIE_5],[AT_CIE_3],[],[],[]
Instance 76,[102,43,6,8,16,3,8,18,0,0,0,0],[GN_CIE_1],[PAINF_CIE_1],[PAINF_CIE_2,PAINF_CIE_3],[AT_CIE_1],[AT_CIE_2,GN_CIE_2],[AT_CIE_3,PAINF_CIE_4,PAINF_CIE_5],[],[],[],[]
Instance 77,[103,43,6,8,16,3,16,8,3,0,0,0],[GN_CIE_1],[PAINF_CIE_1],[PAINF_CIE_2,PAINF_CIE_3],[AT_CIE_1],[AT_CIE_2,GN_CIE_2,PAINF_CIE_4],[PAINF_CIE_5],[AT_CIE_3],[],[],[]
Instance 78,[102,43,6,8,16,3,16,10,0,0,0,0],[GN_CIE_1],[PAINF_CIE_1],[PAINF_CIE_2,PAINF_CIE_3],[AT_CIE_1],[AT_CIE_2,GN_CIE_2,PAINF_CIE_4],[AT_CIE_3,PAINF_CIE_5],[],[],[],[]
Instance 79,[103,43,6,8,16,3,24,3,0,0,0,0],[GN_CIE_1],[PAINF_CIE_1],[PAINF_CIE_2,PAINF_CIE_3],[AT_CIE_1],[AT_CIE_2,GN_CIE_2,PAINF_CIE_4,PAINF_CIE_5],[AT_CIE_3],[],[],[],[]
Instance 80,[102,43,6,8,16,3,26,0,0,0,0,0],[GN_CIE_1],[PAINF_CIE_1],[PAINF_CIE_2,PAINF_CIE_3],[AT_CIE_1],[AT_CIE_2,AT_CIE_3,GN_CIE_2,PAINF_CIE_4,PAINF_CIE_5],[],[],[],[],[]
Instance 81,[103,43,6,8,16,5,6,8,8,3,0,0],[GN_CIE_1],[PAINF_CIE_1],[PAINF_CIE_2,PAINF_CIE_3],[AT_CIE_1,AT_CIE_2],[GN_CIE_2],[PAINF_CIE_4],[PAINF_CIE_5],[AT_CIE_3],[],[]
Instance 82,[102,43,6,8,16,5,6,8,10,0,0,0],[GN_CIE_1],[PAINF_CIE_1],[PAINF_CIE_2,PAINF_CIE_3],[AT_CIE_1,AT_CIE_2],[GN_CIE_2],[PAINF_CIE_4],[AT_CIE_3,PAINF_CIE_5],[],[],[]
Instance 83,[103,43,6,8,16,5,6,16,3,0,0,0],[GN_CIE_1],[PAINF_CIE_1],[PAINF_CIE_2,PAINF_CIE_3],[AT_CIE_1,AT_CIE_2],[GN_CIE_2],[PAINF_CIE_4,PAINF_CIE_5],[AT_CIE_3],[],[],[]
Instance 84,[102,43,6,8,16,5,6,18,0,0,0,0],[GN_CIE_1],[PAINF_CIE_1],[PAINF_CIE_2,PAINF_CIE_3],[AT_CIE_1,AT_CIE_2],[GN_CIE_2],[AT_CIE_3,PAINF_CIE_4,PAINF_CIE_5],[],[],[],[]
Instance 85,[103,43,6,8,16,5,14,8,3,0,0,0],[GN_CIE_1],[PAINF_CIE_1],[PAINF_CIE_2,PAINF_CIE_3],[AT_CIE_1,AT_CIE_2],[GN_CIE_2,PAINF_CIE_4],[PAINF_CIE_5],[AT_CIE_3],[],[],[]
Instance 86,[102,43,6,8,16,5,14,10,0,0,0,0],[GN_CIE_1],[PAINF_CIE_1],[PAINF_CIE_2,PAINF_CIE_3],[AT_CIE_1,AT_CIE_2],[GN_CIE_2,PAINF_CIE_4],[AT_CIE_3,PAINF_CIE_5],[],[],[],[]
Instance 87,[102,43,6,8,16,5,21,3,0,0,0,0],[GN_CIE_1],[PAINF_CIE_1],[PAINF_CIE_2,PAINF_CIE_3],[AT_CIE_1,AT_CIE_2],[GN_CIE_2,PAINF_CIE_4,PAINF_CIE_5],[AT_CIE_3],[],[],[],[]
Instance 88,[102,43,6,8,16,5,24,0,0,0,0,0],[GN_CIE_1],[PAINF_CIE_1],[PAINF_CIE_2,PAINF_CIE_3],[AT_CIE_1,AT_CIE_2],[AT_CIE_3,GN_CIE_2,PAINF_CIE_4,PAINF_CIE_5],[],[],[],[],[]
Instance 89,[103,43,6,8,16,11,8,8,3,0,0,0],[GN_CIE_1],[PAINF_CIE_1],[PAINF_CIE_2,PAINF_CIE_3],[AT_CIE_1,AT_CIE_2,GN_CIE_2],[PAINF_CIE_4],[PAINF_CIE_5],[AT_CIE_3],[],[],[]
Instance 90,[102,43,6,8,16,11,8,10,0,0,0,0],[GN_CIE_1],[PAINF_CIE_1],[PAINF_CIE_2,PAINF_CIE_3],[AT_CIE_1,AT_CIE_2,GN_CIE_2],[PAINF_CIE_4],[AT_CIE_3,PAINF_CIE_5],[],[],[],[]
Instance 91,[103,43,6,8,16,11,16,3,0,0,0,0],[GN_CIE_1],[PAINF_CIE_1],[PAINF_CIE_2,PAINF_CIE_3],[AT_CIE_1,AT_CIE_2,GN_CIE_2],[PAINF_CIE_4,PAINF_CIE_5],[AT_CIE_3],[],[],[],[]
Instance 92,[102,43,6,8,16,11,18,0,0,0,0,0],[GN_CIE_1],[PAINF_CIE_1],[PAINF_CIE_2,PAINF_CIE_3],[AT_CIE_1,AT_CIE_2,GN_CIE_2],[AT_CIE_3,PAINF_CIE_4,PAINF_CIE_5],[],[],[],[],[]
Instance 93,[102,43,6,8,16,18,8,3,0,0,0,0],[GN_CIE_1],[PAINF_CIE_1],[PAINF_CIE_2,PAINF_CIE_3],[AT_CIE_1,AT_CIE_2,GN_CIE_2,PAINF_CIE_4],[PAINF_CIE_5],[AT_CIE_3],[],[],[],[]
Instance 94,[101,43,6,8,16,18,10,0,0,0,0,0],[GN_CIE_1],[PAINF_CIE_1],[PAINF_CIE_2,PAINF_CIE_3],[AT_CIE_1,AT_CIE_2,GN_CIE_2,PAINF_CIE_4],[AT_CIE_3,PAINF_CIE_5],[],[],[],[],[]
Instance 95,[102,43,6,8,16,26,3,0,0,0,0,0],[GN_CIE_1],[PAINF_CIE_1],[PAINF_CIE_2,PAINF_CIE_3],[AT_CIE_1,AT_CIE_2,GN_CIE_2,PAINF_CIE_4,PAINF_CIE_5],[AT_CIE_3],[],[],[],[],[]
Instance 96,[101,43,6,8,16,28,0,0,0,0,0,0],[GN_CIE_1],[PAINF_CIE_1],[PAINF_CIE_2,PAINF_CIE_3],[AT_CIE_1,AT_CIE_2,AT_CIE_3,GN_CIE_2,PAINF_CIE_4,PAINF_CIE_5],[],[],[],[],[],[]
Instance 97,[103,43,6,8,18,3,6,8,8,3,0,0],[GN_CIE_1],[PAINF_CIE_1],[AT_CIE_1,PAINF_CIE_2,PAINF_CIE_3],[AT_CIE_2],[GN_CIE_2],[PAINF_CIE_4],[PAINF_CIE_5],[AT_CIE_3],[],[]
Instance 98,[102,43,6,8,18,3,6,8,10,0,0,0],[GN_CIE_1],[PAINF_CIE_1],[AT_CIE_1,PAINF_CIE_2,PAINF_CIE_3],[AT_CIE_2],[GN_CIE_2],[PAINF_CIE_4],[AT_CIE_3,PAINF_CIE_5],[],[],[]
Instance 99,[103,43,6,8,18,3,6,16,3,0,0,0],[GN_CIE_1],[PAINF_CIE_1],[AT_CIE_1,PAINF_CIE_2,PAINF_CIE_3],[AT_CIE_2],[GN_CIE_2],[PAINF_CIE_4,PAINF_CIE_5],[AT_CIE_3],[],[],[]
Instance 100,[102,43,6,8,18,3,6,18,0,0,0,0],[GN_CIE_1],[PAINF_CIE_1],[AT_CIE_1,PAINF_CIE_2,PAINF_CIE_3],[AT_CIE_2],[GN_CIE_2],[AT_CIE_3,PAINF_CIE_4,PAINF_CIE_5],[],[],[],[]
Instance 101,[103,43,6,8,18,3,14,8,3,0,0,0],[GN_CIE_1],[PAINF_CIE_1],[AT_CIE_1,PAINF_CIE_2,PAINF_CIE_3],[AT_CIE_2],[GN_CIE_2,PAINF_CIE_4],[PAINF_CIE_5],[AT_CIE_3],[],[],[]
Instance 102,[102,43,6,8,18,3,14,10,0,0,0,0],[GN_CIE_1],[PAINF_CIE_1],[AT_CIE_1,PAINF_CIE_2,PAINF_CIE_3],[AT_CIE_2],[GN_CIE_2,PAINF_CIE_4],[AT_CIE_3,PAINF_CIE_5],[],[],[],[]
Instance 103,[102,43,6,8,18,3,21,3,0,0,0,0],[GN_CIE_1],[PAINF_CIE_1],[AT_CIE_1,PAINF_CIE_2,PAINF_CIE_3],[AT_CIE_2],[GN_CIE_2,PAINF_CIE_4,PAINF_CIE_5],[AT_CIE_3],[],[],[],[]
Instance 104,[102,43,6,8,18,3,24,0,0,0,0,0],[GN_CIE_1],[PAINF_CIE_1],[AT_CIE_1,PAINF_CIE_2,PAINF_CIE_3],[AT_CIE_2],[AT_CIE_3,GN_CIE_2,PAINF_CIE_4,PAINF_CIE_5],[],[],[],[],[]
Instance 105,[102,43,6,8,18,8,8,8,3,0,0,0],[GN_CIE_1],[PAINF_CIE_1],[AT_CIE_1,PAINF_CIE_2,PAINF_CIE_3],[AT_CIE_2,GN_CIE_2],[PAINF_CIE_4],[PAINF_CIE_5],[AT_CIE_3],[],[],[]
Instance 106,[101,43,6,8,18,8,8,10,0,0,0,0],[GN_CIE_1],[PAINF_CIE_1],[AT_CIE_1,PAINF_CIE_2,PAINF_CIE_3],[AT_CIE_2,GN_CIE_2],[PAINF_CIE_4],[AT_CIE_3,PAINF_CIE_5],[],[],[],[]
Instance 107,[102,43,6,8,18,8,16,3,0,0,0,0],[GN_CIE_1],[PAINF_CIE_1],[AT_CIE_1,PAINF_CIE_2,PAINF_CIE_3],[AT_CIE_2,GN_CIE_2],[PAINF_CIE_4,PAINF_CIE_5],[AT_CIE_3],[],[],[],[]
Instance 108,[101,43,6,8,18,8,18,0,0,0,0,0],[GN_CIE_1],[PAINF_CIE_1],[AT_CIE_1,PAINF_CIE_2,PAINF_CIE_3],[AT_CIE_2,GN_CIE_2],[AT_CIE_3,PAINF_CIE_4,PAINF_CIE_5],[],[],[],[],[]
Instance 109,[102,43,6,8,18,16,8,3,0,0,0,0],[GN_CIE_1],[PAINF_CIE_1],[AT_CIE_1,PAINF_CIE_2,PAINF_CIE_3],[AT_CIE_2,GN_CIE_2,PAINF_CIE_4],[PAINF_CIE_5],[AT_CIE_3],[],[],[],[]
Instance 110,[101,43,6,8,18,16,10,0,0,0,0,0],[GN_CIE_1],[PAINF_CIE_1],[AT_CIE_1,PAINF_CIE_2,PAINF_CIE_3],[AT_CIE_2,GN_CIE_2,PAINF_CIE_4],[AT_CIE_3,PAINF_CIE_5],[],[],[],[],[]
Instance 111,[102,43,6,8,18,24,3,0,0,0,0,0],[GN_CIE_1],[PAINF_CIE_1],[AT_CIE_1,PAINF_CIE_2,PAINF_CIE_3],[AT_CIE_2,GN_CIE_2,PAINF_CIE_4,PAINF_CIE_5],[AT_CIE_3],[],[],[],[],[]
Instance 112,[101,43,6,8,18,26,0,0,0,0,0,0],[GN_CIE_1],[PAINF_CIE_1],[AT_CIE_1,PAINF_CIE_2,PAINF_CIE_3],[AT_CIE_2,AT_CIE_3,GN_CIE_2,PAINF_CIE_4,PAINF_CIE_5],[],[],[],[],[],[]
Instance 113,[102,43,6,8,20,6,8,8,3,0,0,0],[GN_CIE_1],[PAINF_CIE_1],[AT_CIE_1,AT_CIE_2,PAINF_CIE_2,PAINF_CIE_3],[GN_CIE_2],[PAINF_CIE_4],[PAINF_CIE_5],[AT_CIE_3],[],[],[]
Instance 114,[101,43,6,8,20,6,8,10,0,0,0,0],[GN_CIE_1],[PAINF_CIE_1],[AT_CIE_1,AT_CIE_2,PAINF_CIE_2,PAINF_CIE_3],[GN_CIE_2],[PAINF_CIE_4],[AT_CIE_3,PAINF_CIE_5],[],[],[],[]
Instance 115,[102,43,6,8,20,6,16,3,0,0,0,0],[GN_CIE_1],[PAINF_CIE_1],[AT_CIE_1,AT_CIE_2,PAINF_CIE_2,PAINF_CIE_3],[GN_CIE_2],[PAINF_CIE_4,PAINF_CIE_5],[AT_CIE_3],[],[],[],[]
Instance 116,[101,43,6,8,20,6,18,0,0,0,0,0],[GN_CIE_1],[PAINF_CIE_1],[AT_CIE_1,AT_CIE_2,PAINF_CIE_2,PAINF_CIE_3],[GN_CIE_2],[AT_CIE_3,PAINF_CIE_4,PAINF_CIE_5],[],[],[],[],[]
Instance 117,[102,43,6,8,20,14,8,3,0,0,0,0],[GN_CIE_1],[PAINF_CIE_1],[AT_CIE_1,AT_CIE_2,PAINF_CIE_2,PAINF_CIE_3],[GN_CIE_2,PAINF_CIE_4],[PAINF_CIE_5],[AT_CIE_3],[],[],[],[]
Instance 118,[101,43,6,8,20,14,10,0,0,0,0,0],[GN_CIE_1],[PAINF_CIE_1],[AT_CIE_1,AT_CIE_2,PAINF_CIE_2,PAINF_CIE_3],[GN_CIE_2,PAINF_CIE_4],[AT_CIE_3,PAINF_CIE_5],[],[],[],[],[]
Instance 119,[101,43,6,8,20,21,3,0,0,0,0,0],[GN_CIE_1],[PAINF_CIE_1],[AT_CIE_1,AT_CIE_2,PAINF_CIE_2,PAINF_CIE_3],[GN_CIE_2,PAINF_CIE_4,PAINF_CIE_5],[AT_CIE_3],[],[],[],[],[]
Instance 120,[101,43,6,8,20,24,0,0,0,0,0,0],[GN_CIE_1],[PAINF_CIE_1],[AT_CIE_1,AT_CIE_2,PAINF_CIE_2,PAINF_CIE_3],[AT_CIE_3,GN_CIE_2,PAINF_CIE_4,PAINF_CIE_5],[],[],[],[],[],[]
Instance 121,[102,43,6,8,26,8,8,3,0,0,0,0],[GN_CIE_1],[PAINF_CIE_1],[AT_CIE_1,AT_CIE_2,GN_CIE_2,PAINF_CIE_2,PAINF_CIE_3],[PAINF_CIE_4],[PAINF_CIE_5],[AT_CIE_3],[],[],[],[]
Instance 122,[101,43,6,8,26,8,10,0,0,0,0,0],[GN_CIE_1],[PAINF_CIE_1],[AT_CIE_1,AT_CIE_2,GN_CIE_2,PAINF_CIE_2,PAINF_CIE_3],[PAINF_CIE_4],[AT_CIE_3,PAINF_CIE_5],[],[],[],[],[]
Instance 123,[102,43,6,8,26,16,3,0,0,0,0,0],[GN_CIE_1],[PAINF_CIE_1],[AT_CIE_1,AT_CIE_2,GN_CIE_2,PAINF_CIE_2,PAINF_CIE_3],[PAINF_CIE_4,PAINF_CIE_5],[AT_CIE_3],[],[],[],[],[]
Instance 124,[101,43,6,8,26,18,0,0,0,0,0,0],[GN_CIE_1],[PAINF_CIE_1],[AT_CIE_1,AT_CIE_2,GN_CIE_2,PAINF_CIE_2,PAINF_CIE_3],[AT_CIE_3,PAINF_CIE_4,PAINF_CIE_5],[],[],[],[],[],[]
Instance 125,[102,43,6,8,34,8,3,0,0,0,0,0],[GN_CIE_1],[PAINF_CIE_1],[AT_CIE_1,AT_CIE_2,GN_CIE_2,PAINF_CIE_2,PAINF_CIE_3,PAINF_CIE_4],[PAINF_CIE_5],[AT_CIE_3],[],[],[],[],[]
Instance 126,[101,43,6,8,34,10,0,0,0,0,0,0],[GN_CIE_1],[PAINF_CIE_1],[AT_CIE_1,AT_CIE_2,GN_CIE_2,PAINF_CIE_2,PAINF_CIE_3,PAINF_CIE_4],[AT_CIE_3,PAINF_CIE_5],[],[],[],[],[],[]
Instance 127,[101,43,6,8,41,3,0,0,0,0,0,0],[GN_CIE_1],[PAINF_CIE_1],[AT_CIE_1,AT_CIE_2,GN_CIE_2,PAINF_CIE_2,PAINF_CIE_3,PAINF_CIE_4,PAINF_CIE_5],[AT_CIE_3],[],[],[],[],[],[]
Instance 128,[101,43,6,8,44,0,0,0,0,0,0,0],[GN_CIE_1],[PAINF_CIE_1],[AT_CIE_1,AT_CIE_2,AT_CIE_3,GN_CIE_2,PAINF_CIE_2,PAINF_CIE_3,PAINF_CIE_4,PAINF_CIE_5],[],[],[],[],[],[],[]
Instance 129,[104,43,6,16,8,3,3,6,8,8,3,0],[GN_CIE_1],[PAINF_CIE_1,PAINF_CIE_2],[PAINF_CIE_3],[AT_CIE_1],[AT_CIE_2],[GN_CIE_2],[PAINF_CIE_4],[PAINF_CIE_5],[AT_CIE_3],[]
Instance 130,[103,43,6,16,8,3,3,6,8,10,0,0],[GN_CIE_1],[PAINF_CIE_1,PAINF_CIE_2],[PAINF_CIE_3],[AT_CIE_1],[AT_CIE_2],[GN_CIE_2],[PAINF_CIE_4],[AT_CIE_3,PAINF_CIE_5],[],[]
Instance 131,[104,43,6,16,8,3,3,6,16,3,0,0],[GN_CIE_1],[PAINF_CIE_1,PAINF_CIE_2],[PAINF_CIE_3],[AT_CIE_1],[AT_CIE_2],[GN_CIE_2],[PAINF_CIE_4,PAINF_CIE_5],[AT_CIE_3],[],[]
Instance 132,[103,43,6,16,8,3,3,6,18,0,0,0],[GN_CIE_1],[PAINF_CIE_1,PAINF_CIE_2],[PAINF_CIE_3],[AT_CIE_1],[AT_CIE_2],[GN_CIE_2],[AT_CIE_3,PAINF_CIE_4,PAINF_CIE_5],[],[],[]
Instance 133,[104,43,6,16,8,3,3,14,8,3,0,0],[GN_CIE_1],[PAINF_CIE_1,PAINF_CIE_2],[PAINF_CIE_3],[AT_CIE_1],[AT_CIE_2],[GN_CIE_2,PAINF_CIE_4],[PAINF_CIE_5],[AT_CIE_3],[],[]
Instance 134,[103,43,6,16,8,3,3,14,10,0,0,0],[GN_CIE_1],[PAINF_CIE_1,PAINF_CIE_2],[PAINF_CIE_3],[AT_CIE_1],[AT_CIE_2],[GN_CIE_2,PAINF_CIE_4],[AT_CIE_3,PAINF_CIE_5],[],[],[]
Instance 135,[103,43,6,16,8,3,3,21,3,0,0,0],[GN_CIE_1],[PAINF_CIE_1,PAINF_CIE_2],[PAINF_CIE_3],[AT_CIE_1],[AT_CIE_2],[GN_CIE_2,PAINF_CIE_4,PAINF_CIE_5],[AT_CIE_3],[],[],[]
Instance 136,[103,43,6,16,8,3,3,24,0,0,0,0],[GN_CIE_1],[PAINF_CIE_1,PAINF_CIE_2],[PAINF_CIE_3],[AT_CIE_1],[AT_CIE_2],[AT_CIE_3,GN_CIE_2,PAINF_CIE_4,PAINF_CIE_5],[],[],[],[]
Instance 137,[103,43,6,16,8,3,8,8,8,3,0,0],[GN_CIE_1],[PAINF_CIE_1,PAINF_CIE_2],[PAINF_CIE_3],[AT_CIE_1],[AT_CIE_2,GN_CIE_2],[PAINF_CIE_4],[PAINF_CIE_5],[AT_CIE_3],[],[]
Instance 138,[102,43,6,16,8,3,8,8,10,0,0,0],[GN_CIE_1],[PAINF_CIE_1,PAINF_CIE_2],[PAINF_CIE_3],[AT_CIE_1],[AT_CIE_2,GN_CIE_2],[PAINF_CIE_4],[AT_CIE_3,PAINF_CIE_5],[],[],[]
Instance 139,[103,43,6,16,8,3,8,16,3,0,0,0],[GN_CIE_1],[PAINF_CIE_1,PAINF_CIE_2],[PAINF_CIE_3],[AT_CIE_1],[AT_CIE_2,GN_CIE_2],[PAINF_CIE_4,PAINF_CIE_5],[AT_CIE_3],[],[],[]
Instance 140,[102,43,6,16,8,3,8,18,0,0,0,0],[GN_CIE_1],[PAINF_CIE_1,PAINF_CIE_2],[PAINF_CIE_3],[AT_CIE_1],[AT_CIE_2,GN_CIE_2],[AT_CIE_3,PAINF_CIE_4,PAINF_CIE_5],[],[],[],[]
Instance 141,[103,43,6,16,8,3,16,8,3,0,0,0],[GN_CIE_1],[PAINF_CIE_1,PAINF_CIE_2],[PAINF_CIE_3],[AT_CIE_1],[AT_CIE_2,GN_CIE_2,PAINF_CIE_4],[PAINF_CIE_5],[AT_CIE_3],[],[],[]
Instance 142,[102,43,6,16,8,3,16,10,0,0,0,0],[GN_CIE_1],[PAINF_CIE_1,PAINF_CIE_2],[PAINF_CIE_3],[AT_CIE_1],[AT_CIE_2,GN_CIE_2,PAINF_CIE_4],[AT_CIE_3,PAINF_CIE_5],[],[],[],[]
Instance 143,[103,43,6,16,8,3,24,3,0,0,0,0],[GN_CIE_1],[PAINF_CIE_1,PAINF_CIE_2],[PAINF_CIE_3],[AT_CIE_1],[AT_CIE_2,GN_CIE_2,PAINF_CIE_4,PAINF_CIE_5],[AT_CIE_3],[],[],[],[]
Instance 144,[102,43,6,16,8,3,26,0,0,0,0,0],[GN_CIE_1],[PAINF_CIE_1,PAINF_CIE_2],[PAINF_CIE_3],[AT_CIE_1],[AT_CIE_2,AT_CIE_3,GN_CIE_2,PAINF_CIE_4,PAINF_CIE_5],[],[],[],[],[]
Instance 145,[103,43,6,16,8,5,6,8,8,3,0,0],[GN_CIE_1],[PAINF_CIE_1,PAINF_CIE_2],[PAINF_CIE_3],[AT_CIE_1,AT_CIE_2],[GN_CIE_2],[PAINF_CIE_4],[PAINF_CIE_5],[AT_CIE_3],[],[]
Instance 146,[102,43,6,16,8,5,6,8,10,0,0,0],[GN_CIE_1],[PAINF_CIE_1,PAINF_CIE_2],[PAINF_CIE_3],[AT_CIE_1,AT_CIE_2],[GN_CIE_2],[PAINF_CIE_4],[AT_CIE_3,PAINF_CIE_5],[],[],[]
Instance 147,[103,43,6,16,8,5,6,16,3,0,0,0],[GN_CIE_1],[PAINF_CIE_1,PAINF_CIE_2],[PAINF_CIE_3],[AT_CIE_1,AT_CIE_2],[GN_CIE_2],[PAINF_CIE_4,PAINF_CIE_5],[AT_CIE_3],[],[],[]
Instance 148,[102,43,6,16,8,5,6,18,0,0,0,0],[GN_CIE_1],[PAINF_CIE_1,PAINF_CIE_2],[PAINF_CIE_3],[AT_CIE_1,AT_CIE_2],[GN_CIE_2],[AT_CIE_3,PAINF_CIE_4,PAINF_CIE_5],[],[],[],[]
Instance 149,[103,43,6,16,8,5,14,8,3,0,0,0],[GN_CIE_1],[PAINF_CIE_1,PAINF_CIE_2],[PAINF_CIE_3],[AT_CIE_1,AT_CIE_2],[GN_CIE_2,PAINF_CIE_4],[PAINF_CIE_5],[AT_CIE_3],[],[],[]
Instance 150,[102,43,6,16,8,5,14,10,0,0,0,0],[GN_CIE_1],[PAINF_CIE_1,PAINF_CIE_2],[PAINF_CIE_3],[AT_CIE_1,AT_CIE_2],[GN_CIE_2,PAINF_CIE_4],[AT_CIE_3,PAINF_CIE_5],[],[],[],[]
Instance 151,[102,43,6,16,8,5,21,3,0,0,0,0],[GN_CIE_1],[PAINF_CIE_1,PAINF_CIE_2],[PAINF_CIE_3],[AT_CIE_1,AT_CIE_2],[GN_CIE_2,PAINF_CIE_4,PAINF_CIE_5],[AT_CIE_3],[],[],[],[]
Instance 152,[102,43,6,16,8,5,24,0,0,0,0,0],[GN_CIE_1],[PAINF_CIE_1,PAINF_CIE_2],[PAINF_CIE_3],[AT_CIE_1,AT_CIE_2],[AT_CIE_3,GN_CIE_2,PAINF_CIE_4,PAINF_CIE_5],[],[],[],[],[]
Instance 153,[103,43,6,16,8,11,8,8,3,0,0,0],[GN_CIE_1],[PAINF_CIE_1,PAINF_CIE_2],[PAINF_CIE_3],[AT_CIE_1,AT_CIE_2,GN_CIE_2],[PAINF_CIE_4],[PAINF_CIE_5],[AT_CIE_3],[],[],[]
Instance 154,[102,43,6,16,8,11,8,10,0,0,0,0],[GN_CIE_1],[PAINF_CIE_1,PAINF_CIE_2],[PAINF_CIE_3],[AT_CIE_1,AT_CIE_2,GN_CIE_2],[PAINF_CIE_4],[AT_CIE_3,PAINF_CIE_5],[],[],[],[]
Instance 155,[103,43,6,16,8,11,16,3,0,0,0,0],[GN_CIE_1],[PAINF_CIE_1,PAINF_CIE_2],[PAINF_CIE_3],[AT_CIE_1,AT_CIE_2,GN_CIE_2],[PAINF_CIE_4,PAINF_CIE_5],[AT_CIE_3],[],[],[],[]
Instance 156,[102,43,6,16,8,11,18,0,0,0,0,0],[GN_CIE_1],[PAINF_CIE_1,PAINF_CIE_2],[PAINF_CIE_3],[AT_CIE_1,AT_CIE_2,GN_CIE_2],[AT_CIE_3,PAINF_CIE_4,PAINF_CIE_5],[],[],[],[],[]
Instance 157,[102,43,6,16,8,18,8,3,0,0,0,0],[GN_CIE_1],[PAINF_CIE_1,PAINF_CIE_2],[PAINF_CIE_3],[AT_CIE_1,AT_CIE_2,GN_CIE_2,PAINF_CIE_4],[PAINF_CIE_5],[AT_CIE_3],[],[],[],[]
Instance 158,[101,43,6,16,8,18,10,0,0,0,0,0],[GN_CIE_1],[PAINF_CIE_1,PAINF_CIE_2],[PAINF_CIE_3],[AT_CIE_1,AT_CIE_2,GN_CIE_2,PAINF_CIE_4],[AT_CIE_3,PAINF_CIE_5],[],[],[],[],[]
Instance 159,[102,43,6,16,8,26,3,0,0,0,0,0],[GN_CIE_1],[PAINF_CIE_1,PAINF_CIE_2],[PAINF_CIE_3],[AT_CIE_1,AT_CIE_2,GN_CIE_2,PAINF_CIE_4,PAINF_CIE_5],[AT_CIE_3],[],[],[],[],[]
Instance 160,[101,43,6,16,8,28,0,0,0,0,0,0],[GN_CIE_1],[PAINF_CIE_1,PAINF_CIE_2],[PAINF_CIE_3],[AT_CIE_1,AT_CIE_2,AT_CIE_3,GN_CIE_2,PAINF_CIE_4,PAINF_CIE_5],[],[],[],[],[],[]
Instance 161,[103,43,6,16,10,3,6,8,8,3,0,0],[GN_CIE_1],[PAINF_CIE_1,PAINF_CIE_2],[AT_CIE_1,PAINF_CIE_3],[AT_CIE_2],[GN_CIE_2],[PAINF_CIE_4],[PAINF_CIE_5],[AT_CIE_3],[],[]
Instance 162,[102,43,6,16,10,3,6,8,10,0,0,0],[GN_CIE_1],[PAINF_CIE_1,PAINF_CIE_2],[AT_CIE_1,PAINF_CIE_3],[AT_CIE_2],[GN_CIE_2],[PAINF_CIE_4],[AT_CIE_3,PAINF_CIE_5],[],[],[]
Instance 163,[103,43,6,16,10,3,6,16,3,0,0,0],[GN_CIE_1],[PAINF_CIE_1,PAINF_CIE_2],[AT_CIE_1,PAINF_CIE_3],[AT_CIE_2],[GN_CIE_2],[PAINF_CIE_4,PAINF_CIE_5],[AT_CIE_3],[],[],[]
Instance 164,[102,43,6,16,10,3,6,18,0,0,0,0],[GN_CIE_1],[PAINF_CIE_1,PAINF_CIE_2],[AT_CIE_1,PAINF_CIE_3],[AT_CIE_2],[GN_CIE_2],[AT_CIE_3,PAINF_CIE_4,PAINF_CIE_5],[],[],[],[]
Instance 165,[103,43,6,16,10,3,14,8,3,0,0,0],[GN_CIE_1],[PAINF_CIE_1,PAINF_CIE_2],[AT_CIE_1,PAINF_CIE_3],[AT_CIE_2],[GN_CIE_2,PAINF_CIE_4],[PAINF_CIE_5],[AT_CIE_3],[],[],[]
Instance 166,[102,43,6,16,10,3,14,10,0,0,0,0],[GN_CIE_1],[PAINF_CIE_1,PAINF_CIE_2],[AT_CIE_1,PAINF_CIE_3],[AT_CIE_2],[GN_CIE_2,PAINF_CIE_4],[AT_CIE_3,PAINF_CIE_5],[],[],[],[]
Instance 167,[102,43,6,16,10,3,21,3,0,0,0,0],[GN_CIE_1],[PAINF_CIE_1,PAINF_CIE_2],[AT_CIE_1,PAINF_CIE_3],[AT_CIE_2],[GN_CIE_2,PAINF_CIE_4,PAINF_CIE_5],[AT_CIE_3],[],[],[],[]
Instance 168,[102,43,6,16,10,3,24,0,0,0,0,0],[GN_CIE_1],[PAINF_CIE_1,PAINF_CIE_2],[AT_CIE_1,PAINF_CIE_3],[AT_CIE_2],[AT_CIE_3,GN_CIE_2,PAINF_CIE_4,PAINF_CIE_5],[],[],[],[],[]
Instance 169,[102,43,6,16,10,8,8,8,3,0,0,0],[GN_CIE_1],[PAINF_CIE_1,PAINF_CIE_2],[AT_CIE_1,PAINF_CIE_3],[AT_CIE_2,GN_CIE_2],[PAINF_CIE_4],[PAINF_CIE_5],[AT_CIE_3],[],[],[]
Instance 170,[101,43,6,16,10,8,8,10,0,0,0,0],[GN_CIE_1],[PAINF_CIE_1,PAINF_CIE_2],[AT_CIE_1,PAINF_CIE_3],[AT_CIE_2,GN_CIE_2],[PAINF_CIE_4],[AT_CIE_3,PAINF_CIE_5],[],[],[],[]
Instance 171,[102,43,6,16,10,8,16,3,0,0,0,0],[GN_CIE_1],[PAINF_CIE_1,PAINF_CIE_2],[AT_CIE_1,PAINF_CIE_3],[AT_CIE_2,GN_CIE_2],[PAINF_CIE_4,PAINF_CIE_5],[AT_CIE_3],[],[],[],[]
Instance 172,[101,43,6,16,10,8,18,0,0,0,0,0],[GN_CIE_1],[PAINF_CIE_1,PAINF_CIE_2],[AT_CIE_1,PAINF_CIE_3],[AT_CIE_2,GN_CIE_2],[AT_CIE_3,PAINF_CIE_4,PAINF_CIE_5],[],[],[],[],[]
Instance 173,[102,43,6,16,10,16,8,3,0,0,0,0],[GN_CIE_1],[PAINF_CIE_1,PAINF_CIE_2],[AT_CIE_1,PAINF_CIE_3],[AT_CIE_2,GN_CIE_2,PAINF_CIE_4],[PAINF_CIE_5],[AT_CIE_3],[],[],[],[]
Instance 174,[101,43,6,16,10,16,10,0,0,0,0,0],[GN_CIE_1],[PAINF_CIE_1,PAINF_CIE_2],[AT_CIE_1,PAINF_CIE_3],[AT_CIE_2,GN_CIE_2,PAINF_CIE_4],[AT_CIE_3,PAINF_CIE_5],[],[],[],[],[]
Instance 175,[102,43,6,16,10,24,3,0,0,0,0,0],[GN_CIE_1],[PAINF_CIE_1,PAINF_CIE_2],[AT_CIE_1,PAINF_CIE_3],[AT_CIE_2,GN_CIE_2,PAINF_CIE_4,PAINF_CIE_5],[AT_CIE_3],[],[],[],[],[]
Instance 176,[101,43,6,16,10,26,0,0,0,0,0,0],[GN_CIE_1],[PAINF_CIE_1,PAINF_CIE_2],[AT_CIE_1,PAINF_CIE_3],[AT_CIE_2,AT_CIE_3,GN_CIE_2,PAINF_CIE_4,PAINF_CIE_5],[],[],[],[],[],[]
Instance 177,[103,43,6,16,13,6,8,8,3,0,0,0],[GN_CIE_1],[PAINF_CIE_1,PAINF_CIE_2],[AT_CIE_1,AT_CIE_2,PAINF_CIE_3],[GN_CIE_2],[PAINF_CIE_4],[PAINF_CIE_5],[AT_CIE_3],[],[],[]
Instance 178,[102,43,6,16,13,6,8,10,0,0,0,0],[GN_CIE_1],[PAINF_CIE_1,PAINF_CIE_2],[AT_CIE_1,AT_CIE_2,PAINF_CIE_3],[GN_CIE_2],[PAINF_CIE_4],[AT_CIE_3,PAINF_CIE_5],[],[],[],[]
Instance 179,[103,43,6,16,13,6,16,3,0,0,0,0],[GN_CIE_1],[PAINF_CIE_1,PAINF_CIE_2],[AT_CIE_1,AT_CIE_2,PAINF_CIE_3],[GN_CIE_2],[PAINF_CIE_4,PAINF_CIE_5],[AT_CIE_3],[],[],[],[]
Instance 180,[102,43,6,16,13,6,18,0,0,0,0,0],[GN_CIE_1],[PAINF_CIE_1,PAINF_CIE_2],[AT_CIE_1,AT_CIE_2,PAINF_CIE_3],[GN_CIE_2],[AT_CIE_3,PAINF_CIE_4,PAINF_CIE_5],[],[],[],[],[]
Instance 181,[103,43,6,16,13,14,8,3,0,0,0,0],[GN_CIE_1],[PAINF_CIE_1,PAINF_CIE_2],[AT_CIE_1,AT_CIE_2,PAINF_CIE_3],[GN_CIE_2,PAINF_CIE_4],[PAINF_CIE_5],[AT_CIE_3],[],[],[],[]
Instance 182,[102,43,6,16,13,14,10,0,0,0,0,0],[GN_CIE_1],[PAINF_CIE_1,PAINF_CIE_2],[AT_CIE_1,AT_CIE_2,PAINF_CIE_3],[GN_CIE_2,PAINF_CIE_4],[AT_CIE_3,PAINF_CIE_5],[],[],[],[],[]
Instance 183,[102,43,6,16,13,21,3,0,0,0,0,0],[GN_CIE_1],[PAINF_CIE_1,PAINF_CIE_2],[AT_CIE_1,AT_CIE_2,PAINF_CIE_3],[GN_CIE_2,PAINF_CIE_4,PAINF_CIE_5],[AT_CIE_3],[],[],[],[],[]
Instance 184,[102,43,6,16,13,24,0,0,0,0,0,0],[GN_CIE_1],[PAINF_CIE_1,PAINF_CIE_2],[AT_CIE_1,AT_CIE_2,PAINF_CIE_3],[AT_CIE_3,GN_CIE_2,PAINF_CIE_4,PAINF_CIE_5],[],[],[],[],[],[]
Instance 185,[102,43,6,16,18,8,8,3,0,0,0,0],[GN_CIE_1],[PAINF_CIE_1,PAINF_CIE_2],[AT_CIE_1,AT_CIE_2,GN_CIE_2,PAINF_CIE_3],[PAINF_CIE_4],[PAINF_CIE_5],[AT_CIE_3],[],[],[],[]
Instance 186,[101,43,6,16,18,8,10,0,0,0,0,0],[GN_CIE_1],[PAINF_CIE_1,PAINF_CIE_2],[AT_CIE_1,AT_CIE_2,GN_CIE_2,PAINF_CIE_3],[PAINF_CIE_4],[AT_CIE_3,PAINF_CIE_5],[],[],[],[],[]
Instance 187,[102,43,6,16,18,16,3,0,0,0,0,0],[GN_CIE_1],[PAINF_CIE_1,PAINF_CIE_2],[AT_CIE_1,AT_CIE_2,GN_CIE_2,PAINF_CIE_3],[PAINF_CIE_4,PAINF_CIE_5],[AT_CIE_3],[],[],[],[],[]
Instance 188,[101,43,6,16,18,18,0,0,0,0,0,0],[GN_CIE_1],[PAINF_CIE_1,PAINF_CIE_2],[AT_CIE_1,AT_CIE_2,GN_CIE_2,PAINF_CIE_3],[AT_CIE_3,PAINF_CIE_4,PAINF_CIE_5],[],[],[],[],[],[]
Instance 189,[102,43,6,16,26,8,3,0,0,0,0,0],[GN_CIE_1],[PAINF_CIE_1,PAINF_CIE_2],[AT_CIE_1,AT_CIE_2,GN_CIE_2,PAINF_CIE_3,PAINF_CIE_4],[PAINF_CIE_5],[AT_CIE_3],[],[],[],[],[]
Instance 190,[101,43,6,16,26,10,0,0,0,0,0,0],[GN_CIE_1],[PAINF_CIE_1,PAINF_CIE_2],[AT_CIE_1,AT_CIE_2,GN_CIE_2,PAINF_CIE_3,PAINF_CIE_4],[AT_CIE_3,PAINF_CIE_5],[],[],[],[],[],[]
Instance 191,[102,43,6,16,34,3,0,0,0,0,0,0],[GN_CIE_1],[PAINF_CIE_1,PAINF_CIE_2],[AT_CIE_1,AT_CIE_2,GN_CIE_2,PAINF_CIE_3,PAINF_CIE_4,PAINF_CIE_5],[AT_CIE_3],[],[],[],[],[],[]
Instance 192,[101,43,6,16,36,0,0,0,0,0,0,0],[GN_CIE_1],[PAINF_CIE_1,PAINF_CIE_2],[AT_CIE_1,AT_CIE_2,AT_CIE_3,GN_CIE_2,PAINF_CIE_3,PAINF_CIE_4,PAINF_CIE_5],[],[],[],[],[],[],[]
Instance 193,[103,43,6,23,3,3,6,8,8,3,0,0],[GN_CIE_1],[PAINF_CIE_1,PAINF_CIE_2,PAINF_CIE_3],[AT_CIE_1],[AT_CIE_2],[GN_CIE_2],[PAINF_CIE_4],[PAINF_CIE_5],[AT_CIE_3],[],[]
Instance 194,[102,43,6,23,3,3,6,8,10,0,0,0],[GN_CIE_1],[PAINF_CIE_1,PAINF_CIE_2,PAINF_CIE_3],[AT_CIE_1],[AT_CIE_2],[GN_CIE_2],[PAINF_CIE_4],[AT_CIE_3,PAINF_CIE_5],[],[],[]
Instance 195,[103,43,6,23,3,3,6,16,3,0,0,0],[GN_CIE_1],[PAINF_CIE_1,PAINF_CIE_2,PAINF_CIE_3],[AT_CIE_1],[AT_CIE_2],[GN_CIE_2],[PAINF_CIE_4,PAINF_CIE_5],[AT_CIE_3],[],[],[]
Instance 196,[102,43,6,23,3,3,6,18,0,0,0,0],[GN_CIE_1],[PAINF_CIE_1,PAINF_CIE_2,PAINF_CIE_3],[AT_CIE_1],[AT_CIE_2],[GN_CIE_2],[AT_CIE_3,PAINF_CIE_4,PAINF_CIE_5],[],[],[],[]
Instance 197,[103,43,6,23,3,3,14,8,3,0,0,0],[GN_CIE_1],[PAINF_CIE_1,PAINF_CIE_2,PAINF_CIE_3],[AT_CIE_1],[AT_CIE_2],[GN_CIE_2,PAINF_CIE_4],[PAINF_CIE_5],[AT_CIE_3],[],[],[]
Instance 198,[102,43,6,23,3,3,14,10,0,0,0,0],[GN_CIE_1],[PAINF_CIE_1,PAINF_CIE_2,PAINF_CIE_3],[AT_CIE_1],[AT_CIE_2],[GN_CIE_2,PAINF_CIE_4],[AT_CIE_3,PAINF_CIE_5],[],[],[],[]
Instance 199,[102,43,6,23,3,3,21,3,0,0,0,0],[GN_CIE_1],[PAINF_CIE_1,PAINF_CIE_2,PAINF_CIE_3],[AT_CIE_1],[AT_CIE_2],[GN_CIE_2,PAINF_CIE_4,PAINF_CIE_5],[AT_CIE_3],[],[],[],[]
Instance 200,[102,43,6,23,3,3,24,0,0,0,0,0],[GN_CIE_1],[PAINF_CIE_1,PAINF_CIE_2,PAINF_CIE_3],[AT_CIE_1],[AT_CIE_2],[AT_CIE_3,GN_CIE_2,PAINF_CIE_4,PAINF_CIE_5],[],[],[],[],[]
Instance 201,[102,43,6,23,3,8,8,8,3,0,0,0],[GN_CIE_1],[PAINF_CIE_1,PAINF_CIE_2,PAINF_CIE_3],[AT_CIE_1],[AT_CIE_2,GN_CIE_2],[PAINF_CIE_4],[PAINF_CIE_5],[AT_CIE_3],[],[],[]
Instance 202,[101,43,6,23,3,8,8,10,0,0,0,0],[GN_CIE_1],[PAINF_CIE_1,PAINF_CIE_2,PAINF_CIE_3],[AT_CIE_1],[AT_CIE_2,GN_CIE_2],[PAINF_CIE_4],[AT_CIE_3,PAINF_CIE_5],[],[],[],[]
Instance 203,[102,43,6,23,3,8,16,3,0,0,0,0],[GN_CIE_1],[PAINF_CIE_1,PAINF_CIE_2,PAINF_CIE_3],[AT_CIE_1],[AT_CIE_2,GN_CIE_2],[PAINF_CIE_4,PAINF_CIE_5],[AT_CIE_3],[],[],[],[]
Instance 204,[101,43,6,23,3,8,18,0,0,0,0,0],[GN_CIE_1],[PAINF_CIE_1,PAINF_CIE_2,PAINF_CIE_3],[AT_CIE_1],[AT_CIE_2,GN_CIE_2],[AT_CIE_3,PAINF_CIE_4,PAINF_CIE_5],[],[],[],[],[]
Instance 205,[102,43,6,23,3,16,8,3,0,0,0,0],[GN_CIE_1],[PAINF_CIE_1,PAINF_CIE_2,PAINF_CIE_3],[AT_CIE_1],[AT_CIE_2,GN_CIE_2,PAINF_CIE_4],[PAINF_CIE_5],[AT_CIE_3],[],[],[],[]
Instance 206,[101,43,6,23,3,16,10,0,0,0,0,0],[GN_CIE_1],[PAINF_CIE_1,PAINF_CIE_2,PAINF_CIE_3],[AT_CIE_1],[AT_CIE_2,GN_CIE_2,PAINF_CIE_4],[AT_CIE_3,PAINF_CIE_5],[],[],[],[],[]
Instance 207,[102,43,6,23,3,24,3,0,0,0,0,0],[GN_CIE_1],[PAINF_CIE_1,PAINF_CIE_2,PAINF_CIE_3],[AT_CIE_1],[AT_CIE_2,GN_CIE_2,PAINF_CIE_4,PAINF_CIE_5],[AT_CIE_3],[],[],[],[],[]
Instance 208,[101,43,6,23,3,26,0,0,0,0,0,0],[GN_CIE_1],[PAINF_CIE_1,PAINF_CIE_2,PAINF_CIE_3],[AT_CIE_1],[AT_CIE_2,AT_CIE_3,GN_CIE_2,PAINF_CIE_4,PAINF_CIE_5],[],[],[],[],[],[]
Instance 209,[102,43,6,23,5,6,8,8,3,0,0,0],[GN_CIE_1],[PAINF_CIE_1,PAINF_CIE_2,PAINF_CIE_3],[AT_CIE_1,AT_CIE_2],[GN_CIE_2],[PAINF_CIE_4],[PAINF_CIE_5],[AT_CIE_3],[],[],[]
Instance 210,[101,43,6,23,5,6,8,10,0,0,0,0],[GN_CIE_1],[PAINF_CIE_1,PAINF_CIE_2,PAINF_CIE_3],[AT_CIE_1,AT_CIE_2],[GN_CIE_2],[PAINF_CIE_4],[AT_CIE_3,PAINF_CIE_5],[],[],[],[]
Instance 211,[102,43,6,23,5,6,16,3,0,0,0,0],[GN_CIE_1],[PAINF_CIE_1,PAINF_CIE_2,PAINF_CIE_3],[AT_CIE_1,AT_CIE_2],[GN_CIE_2],[PAINF_CIE_4,PAINF_CIE_5],[AT_CIE_3],[],[],[],[]
Instance 212,[101,43,6,23,5,6,18,0,0,0,0,0],[GN_CIE_1],[PAINF_CIE_1,PAINF_CIE_2,PAINF_CIE_3],[AT_CIE_1,AT_CIE_2],[GN_CIE_2],[AT_CIE_3,PAINF_CIE_4,PAINF_CIE_5],[],[],[],[],[]
Instance 213,[102,43,6,23,5,14,8,3,0,0,0,0],[GN_CIE_1],[PAINF_CIE_1,PAINF_CIE_2,PAINF_CIE_3],[AT_CIE_1,AT_CIE_2],[GN_CIE_2,PAINF_CIE_4],[PAINF_CIE_5],[AT_CIE_3],[],[],[],[]
Instance 214,[101,43,6,23,5,14,10,0,0,0,0,0],[GN_CIE_1],[PAINF_CIE_1,PAINF_CIE_2,PAINF_CIE_3],[AT_CIE_1,AT_CIE_2],[GN_CIE_2,PAINF_CIE_4],[AT_CIE_3,PAINF_CIE_5],[],[],[],[],[]
Instance 215,[101,43,6,23,5,21,3,0,0,0,0,0],[GN_CIE_1],[PAINF_CIE_1,PAINF_CIE_2,PAINF_CIE_3],[AT_CIE_1,AT_CIE_2],[GN_CIE_2,PAINF_CIE_4,PAINF_CIE_5],[AT_CIE_3],[],[],[],[],[]
Instance 216,[101,43,6,23,5,24,0,0,0,0,0,0],[GN_CIE_1],[PAINF_CIE_1,PAINF_CIE_2,PAINF_CIE_3],[AT_CIE_1,AT_CIE_2],[AT_CIE_3,GN_CIE_2,PAINF_CIE_4,PAINF_CIE_5],[],[],[],[],[],[]
Instance 217,[102,43,6,23,11,8,8,3,0,0,0,0],[GN_CIE_1],[PAINF_CIE_1,PAINF_CIE_2,PAINF_CIE_3],[AT_CIE_1,AT_CIE_2,GN_CIE_2],[PAINF_CIE_4],[PAINF_CIE_5],[AT_CIE_3],[],[],[],[]
Instance 218,[101,43,6,23,11,8,10,0,0,0,0,0],[GN_CIE_1],[PAINF_CIE_1,PAINF_CIE_2,PAINF_CIE_3],[AT_CIE_1,AT_CIE_2,GN_CIE_2],[PAINF_CIE_4],[AT_CIE_3,PAINF_CIE_5],[],[],[],[],[]
Instance 219,[102,43,6,23,11,16,3,0,0,0,0,0],[GN_CIE_1],[PAINF_CIE_1,PAINF_CIE_2,PAINF_CIE_3],[AT_CIE_1,AT_CIE_2,GN_CIE_2],[PAINF_CIE_4,PAINF_CIE_5],[AT_CIE_3],[],[],[],[],[]
Instance 220,[101,43,6,23,11,18,0,0,0,0,0,0],[GN_CIE_1],[PAINF_CIE_1,PAINF_CIE_2,PAINF_CIE_3],[AT_CIE_1,AT_CIE_2,GN_CIE_2],[AT_CIE_3,PAINF_CIE_4,PAINF_CIE_5],[],[],[],[],[],[]
Instance 221,[101,43,6,23,18,8,3,0,0,0,0,0],[GN_CIE_1],[PAINF_CIE_1,PAINF_CIE_2,PAINF_CIE_3],[AT_CIE_1,AT_CIE_2,GN_CIE_2,PAINF_CIE_4],[PAINF_CIE_5],[AT_CIE_3],[],[],[],[],[]
Instance 222,[100,43,6,23,18,10,0,0,0,0,0,0],[GN_CIE_1],[PAINF_CIE_1,PAINF_CIE_2,PAINF_CIE_3],[AT_CIE_1,AT_CIE_2,GN_CIE_2,PAINF_CIE_4],[AT_CIE_3,PAINF_CIE_5],[],[],[],[],[],[]
Instance 223,[101,43,6,23,26,3,0,0,0,0,0,0],[GN_CIE_1],[PAINF_CIE_1,PAINF_CIE_2,PAINF_CIE_3],[AT_CIE_1,AT_CIE_2,GN_CIE_2,PAINF_CIE_4,PAINF_CIE_5],[AT_CIE_3],[],[],[],[],[],[]
Instance 224,[100,43,6,23,28,0,0,0,0,0,0,0],[GN_CIE_1],[PAINF_CIE_1,PAINF_CIE_2,PAINF_CIE_3],[AT_CIE_1,AT_CIE_2,AT_CIE_3,GN_CIE_2,PAINF_CIE_4,PAINF_CIE_5],[],[],[],[],[],[],[]
Instance 225,[103,43,6,26,3,6,8,8,3,0,0,0],[GN_CIE_1],[AT_CIE_1,PAINF_CIE_1,PAINF_CIE_2,PAINF_CIE_3],[AT_CIE_2],[GN_CIE_2],[PAINF_CIE_4],[PAINF_CIE_5],[AT_CIE_3],[],[],[]
Instance 226,[102,43,6,26,3,6,8,10,0,0,0,0],[GN_CIE_1],[AT_CIE_1,PAINF_CIE_1,PAINF_CIE_2,PAINF_CIE_3],[AT_CIE_2],[GN_CIE_2],[PAINF_CIE_4],[AT_CIE_3,PAINF_CIE_5],[],[],[],[]
Instance 227,[103,43,6,26,3,6,16,3,0,0,0,0],[GN_CIE_1],[AT_CIE_1,PAINF_CIE_1,PAINF_CIE_2,PAINF_CIE_3],[AT_CIE_2],[GN_CIE_2],[PAINF_CIE_4,PAINF_CIE_5],[AT_CIE_3],[],[],[],[]
Instance 228,[102,43,6,26,3,6,18,0,0,0,0,0],[GN_CIE_1],[AT_CIE_1,PAINF_CIE_1,PAINF_CIE_2,PAINF_CIE_3],[AT_CIE_2],[GN_CIE_2],[AT_CIE_3,PAINF_CIE_4,PAINF_CIE_5],[],[],[],[],[]
Instance 229,[103,43,6,26,3,14,8,3,0,0,0,0],[GN_CIE_1],[AT_CIE_1,PAINF_CIE_1,PAINF_CIE_2,PAINF_CIE_3],[AT_CIE_2],[GN_CIE_2,PAINF_CIE_4],[PAINF_CIE_5],[AT_CIE_3],[],[],[],[]
Instance 230,[102,43,6,26,3,14,10,0,0,0,0,0],[GN_CIE_1],[AT_CIE_1,PAINF_CIE_1,PAINF_CIE_2,PAINF_CIE_3],[AT_CIE_2],[GN_CIE_2,PAINF_CIE_4],[AT_CIE_3,PAINF_CIE_5],[],[],[],[],[]
Instance 231,[102,43,6,26,3,21,3,0,0,0,0,0],[GN_CIE_1],[AT_CIE_1,PAINF_CIE_1,PAINF_CIE_2,PAINF_CIE_3],[AT_CIE_2],[GN_CIE_2,PAINF_CIE_4,PAINF_CIE_5],[AT_CIE_3],[],[],[],[],[]
Instance 232,[102,43,6,26,3,24,0,0,0,0,0,0],[GN_CIE_1],[AT_CIE_1,PAINF_CIE_1,PAINF_CIE_2,PAINF_CIE_3],[AT_CIE_2],[AT_CIE_3,GN_CIE_2,PAINF_CIE_4,PAINF_CIE_5],[],[],[],[],[],[]
Instance 233,[102,43,6,26,8,8,8,3,0,0,0,0],[GN_CIE_1],[AT_CIE_1,PAINF_CIE_1,PAINF_CIE_2,PAINF_CIE_3],[AT_CIE_2,GN_CIE_2],[PAINF_CIE_4],[PAINF_CIE_5],[AT_CIE_3],[],[],[],[]
Instance 234,[101,43,6,26,8,8,10,0,0,0,0,0],[GN_CIE_1],[AT_CIE_1,PAINF_CIE_1,PAINF_CIE_2,PAINF_CIE_3],[AT_CIE_2,GN_CIE_2],[PAINF_CIE_4],[AT_CIE_3,PAINF_CIE_5],[],[],[],[],[]
Instance 235,[102,43,6,26,8,16,3,0,0,0,0,0],[GN_CIE_1],[AT_CIE_1,PAINF_CIE_1,PAINF_CIE_2,PAINF_CIE_3],[AT_CIE_2,GN_CIE_2],[PAINF_CIE_4,PAINF_CIE_5],[AT_CIE_3],[],[],[],[],[]
Instance 236,[101,43,6,26,8,18,0,0,0,0,0,0],[GN_CIE_1],[AT_CIE_1,PAINF_CIE_1,PAINF_CIE_2,PAINF_CIE_3],[AT_CIE_2,GN_CIE_2],[AT_CIE_3,PAINF_CIE_4,PAINF_CIE_5],[],[],[],[],[],[]
Instance 237,[102,43,6,26,16,8,3,0,0,0,0,0],[GN_CIE_1],[AT_CIE_1,PAINF_CIE_1,PAINF_CIE_2,PAINF_CIE_3],[AT_CIE_2,GN_CIE_2,PAINF_CIE_4],[PAINF_CIE_5],[AT_CIE_3],[],[],[],[],[]
Instance 238,[101,43,6,26,16,10,0,0,0,0,0,0],[GN_CIE_1],[AT_CIE_1,PAINF_CIE_1,PAINF_CIE_2,PAINF_CIE_3],[AT_CIE_2,GN_CIE_2,PAINF_CIE_4],[AT_CIE_3,PAINF_CIE_5],[],[],[],[],[],[]
Instance 239,[102,43,6,26,24,3,0,0,0,0,0,0],[GN_CIE_1],[AT_CIE_1,PAINF_CIE_1,PAINF_CIE_2,PAINF_CIE_3],[AT_CIE_2,GN_CIE_2,PAINF_CIE_4,PAINF_CIE_5],[AT_CIE_3],[],[],[],[],[],[]
Instance 240,[101,43,6,26,26,0,0,0,0,0,0,0],[GN_CIE_1],[AT_CIE_1,PAINF_CIE_1,PAINF_CIE_2,PAINF_CIE_3],[AT_CIE_2,AT_CIE_3,GN_CIE_2,PAINF_CIE_4,PAINF_CIE_5],[],[],[],[],[],[],[]
Instance 241,[102,43,6,28,6,8,8,3,0,0,0,0],[GN_CIE_1],[AT_CIE_1,AT_CIE_2,PAINF_CIE_1,PAINF_CIE_2,PAINF_CIE_3],[GN_CIE_2],[PAINF_CIE_4],[PAINF_CIE_5],[AT_CIE_3],[],[],[],[]
Instance 242,[101,43,6,28,6,8,10,0,0,0,0,0],[GN_CIE_1],[AT_CIE_1,AT_CIE_2,PAINF_CIE_1,PAINF_CIE_2,PAINF_CIE_3],[GN_CIE_2],[PAINF_CIE_4],[AT_CIE_3,PAINF_CIE_5],[],[],[],[],[]
Instance 243,[102,43,6,28,6,16,3,0,0,0,0,0],[GN_CIE_1],[AT_CIE_1,AT_CIE_2,PAINF_CIE_1,PAINF_CIE_2,PAINF_CIE_3],[GN_CIE_2],[PAINF_CIE_4,PAINF_CIE_5],[AT_CIE_3],[],[],[],[],[]
Instance 244,[101,43,6,28,6,18,0,0,0,0,0,0],[GN_CIE_1],[AT_CIE_1,AT_CIE_2,PAINF_CIE_1,PAINF_CIE_2,PAINF_CIE_3],[GN_CIE_2],[AT_CIE_3,PAINF_CIE_4,PAINF_CIE_5],[],[],[],[],[],[]
Instance 245,[102,43,6,28,14,8,3,0,0,0,0,0],[GN_CIE_1],[AT_CIE_1,AT_CIE_2,PAINF_CIE_1,PAINF_CIE_2,PAINF_CIE_3],[GN_CIE_2,PAINF_CIE_4],[PAINF_CIE_5],[AT_CIE_3],[],[],[],[],[]
Instance 246,[101,43,6,28,14,10,0,0,0,0,0,0],[GN_CIE_1],[AT_CIE_1,AT_CIE_2,PAINF_CIE_1,PAINF_CIE_2,PAINF_CIE_3],[GN_CIE_2,PAINF_CIE_4],[AT_CIE_3,PAINF_CIE_5],[],[],[],[],[],[]
Instance 247,[101,43,6,28,21,3,0,0,0,0,0,0],[GN_CIE_1],[AT_CIE_1,AT_CIE_2,PAINF_CIE_1,PAINF_CIE_2,PAINF_CIE_3],[GN_CIE_2,PAINF_CIE_4,PAINF_CIE_5],[AT_CIE_3],[],[],[],[],[],[]
Instance 248,[101,43,6,28,24,0,0,0,0,0,0,0],[GN_CIE_1],[AT_CIE_1,AT_CIE_2,PAINF_CIE_1,PAINF_CIE_2,PAINF_CIE_3],[AT_CIE_3,GN_CIE_2,PAINF_CIE_4,PAINF_CIE_5],[],[],[],[],[],[],[]
Instance 249,[102,43,6,34,8,8,3,0,0,0,0,0],[GN_CIE_1],[AT_CIE_1,AT_CIE_2,GN_CIE_2,PAINF_CIE_1,PAINF_CIE_2,PAINF_CIE_3],[PAINF_CIE_4],[PAINF_CIE_5],[AT_CIE_3],[],[],[],[],[]
Instance 250,[101,43,6,34,8,10,0,0,0,0,0,0],[GN_CIE_1],[AT_CIE_1,AT_CIE_2,GN_CIE_2,PAINF_CIE_1,PAINF_CIE_2,PAINF_CIE_3],[PAINF_CIE_4],[AT_CIE_3,PAINF_CIE_5],[],[],[],[],[],[]
Instance 251,[102,43,6,34,16,3,0,0,0,0,0,0],[GN_CIE_1],[AT_CIE_1,AT_CIE_2,GN_CIE_2,PAINF_CIE_1,PAINF_CIE_2,PAINF_CIE_3],[PAINF_CIE_4,PAINF_CIE_5],[AT_CIE_3],[],[],[],[],[],[]
Instance 252,[101,43,6,34,18,0,0,0,0,0,0,0],[GN_CIE_1],[AT_CIE_1,AT_CIE_2,GN_CIE_2,PAINF_CIE_1,PAINF_CIE_2,PAINF_CIE_3],[AT_CIE_3,PAINF_CIE_4,PAINF_CIE_5],[],[],[],[],[],[],[]
Instance 253,[101,43,6,41,8,3,0,0,0,0,0,0],[GN_CIE_1],[AT_CIE_1,AT_CIE_2,GN_CIE_2,PAINF_CIE_1,PAINF_CIE_2,PAINF_CIE_3,PAINF_CIE_4],[PAINF_CIE_5],[AT_CIE_3],[],[],[],[],[],[]
Instance 254,[100,43,6,41,10,0,0,0,0,0,0,0],[GN_CIE_1],[AT_CIE_1,AT_CIE_2,GN_CIE_2,PAINF_CIE_1,PAINF_CIE_2,PAINF_CIE_3,PAINF_CIE_4],[AT_CIE_3,PAINF_CIE_5],[],[],[],[],[],[],[]
Instance 255,[101,43,6,49,3,0,0,0,0,0,0,0],[GN_CIE_1],[AT_CIE_1,AT_CIE_2,GN_CIE_2,PAINF_CIE_1,PAINF_CIE_2,PAINF_CIE_3,PAINF_CIE_4,PAINF_CIE_5],[AT_CIE_3],[],[],[],[],[],[],[]
Instance 256,[100,43,6,51,0,0,0,0,0,0,0,0],[GN_CIE_1],[AT_CIE_1,AT_CIE_2,AT_CIE_3,GN_CIE_2,PAINF_CIE_1,PAINF_CIE_2,PAINF_CIE_3,PAINF_CIE_4,PAINF_CIE_5],[],[],[],[],[],[],[],[]
Instance 257,[103,42,14,8,8,3,3,6,8,8,3,0],[GN_CIE_1,PAINF_CIE_1],[PAINF_CIE_2],[PAINF_CIE_3],[AT_CIE_1],[AT_CIE_2],[GN_CIE_2],[PAINF_CIE_4],[PAINF_CIE_5],[AT_CIE_3],[]
Instance 258,[102,42,14,8,8,3,3,6,8,10,0,0],[GN_CIE_1,PAINF_CIE_1],[PAINF_CIE_2],[PAINF_CIE_3],[AT_CIE_1],[AT_CIE_2],[GN_CIE_2],[PAINF_CIE_4],[AT_CIE_3,PAINF_CIE_5],[],[]
Instance 259,[104,43,14,8,8,3,3,6,16,3,0,0],[GN_CIE_1,PAINF_CIE_1],[PAINF_CIE_2],[PAINF_CIE_3],[AT_CIE_1],[AT_CIE_2],[GN_CIE_2],[PAINF_CIE_4,PAINF_CIE_5],[AT_CIE_3],[],[]
Instance 260,[103,43,14,8,8,3,3,6,18,0,0,0],[GN_CIE_1,PAINF_CIE_1],[PAINF_CIE_2],[PAINF_CIE_3],[AT_CIE_1],[AT_CIE_2],[GN_CIE_2],[AT_CIE_3,PAINF_CIE_4,PAINF_CIE_5],[],[],[]
Instance 261,[103,42,14,8,8,3,3,14,8,3,0,0],[GN_CIE_1,PAINF_CIE_1],[PAINF_CIE_2],[PAINF_CIE_3],[AT_CIE_1],[AT_CIE_2],[GN_CIE_2,PAINF_CIE_4],[PAINF_CIE_5],[AT_CIE_3],[],[]
Instance 262,[102,42,14,8,8,3,3,14,10,0,0,0],[GN_CIE_1,PAINF_CIE_1],[PAINF_CIE_2],[PAINF_CIE_3],[AT_CIE_1],[AT_CIE_2],[GN_CIE_2,PAINF_CIE_4],[AT_CIE_3,PAINF_CIE_5],[],[],[]
Instance 263,[103,43,14,8,8,3,3,21,3,0,0,0],[GN_CIE_1,PAINF_CIE_1],[PAINF_CIE_2],[PAINF_CIE_3],[AT_CIE_1],[AT_CIE_2],[GN_CIE_2,PAINF_CIE_4,PAINF_CIE_5],[AT_CIE_3],[],[],[]
Instance 264,[103,43,14,8,8,3,3,24,0,0,0,0],[GN_CIE_1,PAINF_CIE_1],[PAINF_CIE_2],[PAINF_CIE_3],[AT_CIE_1],[AT_CIE_2],[AT_CIE_3,GN_CIE_2,PAINF_CIE_4,PAINF_CIE_5],[],[],[],[]
Instance 265,[102,42,14,8,8,3,8,8,8,3,0,0],[GN_CIE_1,PAINF_CIE_1],[PAINF_CIE_2],[PAINF_CIE_3],[AT_CIE_1],[AT_CIE_2,GN_CIE_2],[PAINF_CIE_4],[PAINF_CIE_5],[AT_CIE_3],[],[]
Instance 266,[101,42,14,8,8,3,8,8,10,0,0,0],[GN_CIE_1,PAINF_CIE_1],[PAINF_CIE_2],[PAINF_CIE_3],[AT_CIE_1],[AT_CIE_2,GN_CIE_2],[PAINF_CIE_4],[AT_CIE_3,PAINF_CIE_5],[],[],[]
Instance 267,[103,43,14,8,8,3,8,16,3,0,0,0],[GN_CIE_1,PAINF_CIE_1],[PAINF_CIE_2],[PAINF_CIE_3],[AT_CIE_1],[AT_CIE_2,GN_CIE_2],[PAINF_CIE_4,PAINF_CIE_5],[AT_CIE_3],[],[],[]
Instance 268,[102,43,14,8,8,3,8,18,0,0,0,0],[GN_CIE_1,PAINF_CIE_1],[PAINF_CIE_2],[PAINF_CIE_3],[AT_CIE_1],[AT_CIE_2,GN_CIE_2],[AT_CIE_3,PAINF_CIE_4,PAINF_CIE_5],[],[],[],[]
Instance 269,[102,42,14,8,8,3,16,8,3,0,0,0],[GN_CIE_1,PAINF_CIE_1],[PAINF_CIE_2],[PAINF_CIE_3],[AT_CIE_1],[AT_CIE_2,GN_CIE_2,PAINF_CIE_4],[PAINF_CIE_5],[AT_CIE_3],[],[],[]
Instance 270,[101,42,14,8,8,3,16,10,0,0,0,0],[GN_CIE_1,PAINF_CIE_1],[PAINF_CIE_2],[PAINF_CIE_3],[AT_CIE_1],[AT_CIE_2,GN_CIE_2,PAINF_CIE_4],[AT_CIE_3,PAINF_CIE_5],[],[],[],[]
Instance 271,[103,43,14,8,8,3,24,3,0,0,0,0],[GN_CIE_1,PAINF_CIE_1],[PAINF_CIE_2],[PAINF_CIE_3],[AT_CIE_1],[AT_CIE_2,GN_CIE_2,PAINF_CIE_4,PAINF_CIE_5],[AT_CIE_3],[],[],[],[]
Instance 272,[102,43,14,8,8,3,26,0,0,0,0,0],[GN_CIE_1,PAINF_CIE_1],[PAINF_CIE_2],[PAINF_CIE_3],[AT_CIE_1],[AT_CIE_2,AT_CIE_3,GN_CIE_2,PAINF_CIE_4,PAINF_CIE_5],[],[],[],[],[]
Instance 273,[102,42,14,8,8,5,6,8,8,3,0,0],[GN_CIE_1,PAINF_CIE_1],[PAINF_CIE_2],[PAINF_CIE_3],[AT_CIE_1,AT_CIE_2],[GN_CIE_2],[PAINF_CIE_4],[PAINF_CIE_5],[AT_CIE_3],[],[]
Instance 274,[101,42,14,8,8,5,6,8,10,0,0,0],[GN_CIE_1,PAINF_CIE_1],[PAINF_CIE_2],[PAINF_CIE_3],[AT_CIE_1,AT_CIE_2],[GN_CIE_2],[PAINF_CIE_4],[AT_CIE_3,PAINF_CIE_5],[],[],[]
Instance 275,[103,43,14,8,8,5,6,16,3,0,0,0],[GN_CIE_1,PAINF_CIE_1],[PAINF_CIE_2],[PAINF_CIE_3],[AT_CIE_1,AT_CIE_2],[GN_CIE_2],[PAINF_CIE_4,PAINF_CIE_5],[AT_CIE_3],[],[],[]
Instance 276,[102,43,14,8,8,5,6,18,0,0,0,0],[GN_CIE_1,PAINF_CIE_1],[PAINF_CIE_2],[PAINF_CIE_3],[AT_CIE_1,AT_CIE_2],[GN_CIE_2],[AT_CIE_3,PAINF_CIE_4,PAINF_CIE_5],[],[],[],[]
Instance 277,[102,42,14,8,8,5,14,8,3,0,0,0],[GN_CIE_1,PAINF_CIE_1],[PAINF_CIE_2],[PAINF_CIE_3],[AT_CIE_1,AT_CIE_2],[GN_CIE_2,PAINF_CIE_4],[PAINF_CIE_5],[AT_CIE_3],[],[],[]
Instance 278,[101,42,14,8,8,5,14,10,0,0,0,0],[GN_CIE_1,PAINF_CIE_1],[PAINF_CIE_2],[PAINF_CIE_3],[AT_CIE_1,AT_CIE_2],[GN_CIE_2,PAINF_CIE_4],[AT_CIE_3,PAINF_CIE_5],[],[],[],[]
Instance 279,[102,43,14,8,8,5,21,3,0,0,0,0],[GN_CIE_1,PAINF_CIE_1],[PAINF_CIE_2],[PAINF_CIE_3],[AT_CIE_1,AT_CIE_2],[GN_CIE_2,PAINF_CIE_4,PAINF_CIE_5],[AT_CIE_3],[],[],[],[]
Instance 280,[102,43,14,8,8,5,24,0,0,0,0,0],[GN_CIE_1,PAINF_CIE_1],[PAINF_CIE_2],[PAINF_CIE_3],[AT_CIE_1,AT_CIE_2],[AT_CIE_3,GN_CIE_2,PAINF_CIE_4,PAINF_CIE_5],[],[],[],[],[]
Instance 281,[102,42,14,8,8,11,8,8,3,0,0,0],[GN_CIE_1,PAINF_CIE_1],[PAINF_CIE_2],[PAINF_CIE_3],[AT_CIE_1,AT_CIE_2,GN_CIE_2],[PAINF_CIE_4],[PAINF_CIE_5],[AT_CIE_3],[],[],[]
Instance 282,[101,42,14,8,8,11,8,10,0,0,0,0],[GN_CIE_1,PAINF_CIE_1],[PAINF_CIE_2],[PAINF_CIE_3],[AT_CIE_1,AT_CIE_2,GN_CIE_2],[PAINF_CIE_4],[AT_CIE_3,PAINF_CIE_5],[],[],[],[]
Instance 283,[103,43,14,8,8,11,16,3,0,0,0,0],[GN_CIE_1,PAINF_CIE_1],[PAINF_CIE_2],[PAINF_CIE_3],[AT_CIE_1,AT_CIE_2,GN_CIE_2],[PAINF_CIE_4,PAINF_CIE_5],[AT_CIE_3],[],[],[],[]
Instance 284,[102,43,14,8,8,11,18,0,0,0,0,0],[GN_CIE_1,PAINF_CIE_1],[PAINF_CIE_2],[PAINF_CIE_3],[AT_CIE_1,AT_CIE_2,GN_CIE_2],[AT_CIE_3,PAINF_CIE_4,PAINF_CIE_5],[],[],[],[],[]
Instance 285,[101,42,14,8,8,18,8,3,0,0,0,0],[GN_CIE_1,PAINF_CIE_1],[PAINF_CIE_2],[PAINF_CIE_3],[AT_CIE_1,AT_CIE_2,GN_CIE_2,PAINF_CIE_4],[PAINF_CIE_5],[AT_CIE_3],[],[],[],[]
Instance 286,[100,42,14,8,8,18,10,0,0,0,0,0],[GN_CIE_1,PAINF_CIE_1],[PAINF_CIE_2],[PAINF_CIE_3],[AT_CIE_1,AT_CIE_2,GN_CIE_2,PAINF_CIE_4],[AT_CIE_3,PAINF_CIE_5],[],[],[],[],[]
Instance 287,[102,43,14,8,8,26,3,0,0,0,0,0],[GN_CIE_1,PAINF_CIE_1],[PAINF_CIE_2],[PAINF_CIE_3],[AT_CIE_1,AT_CIE_2,GN_CIE_2,PAINF_CIE_4,PAINF_CIE_5],[AT_CIE_3],[],[],[],[],[]
Instance 288,[101,43,14,8,8,28,0,0,0,0,0,0],[GN_CIE_1,PAINF_CIE_1],[PAINF_CIE_2],[PAINF_CIE_3],[AT_CIE_1,AT_CIE_2,AT_CIE_3,GN_CIE_2,PAINF_CIE_4,PAINF_CIE_5],[],[],[],[],[],[]
Instance 289,[102,42,14,8,10,3,6,8,8,3,0,0],[GN_CIE_1,PAINF_CIE_1],[PAINF_CIE_2],[AT_CIE_1,PAINF_CIE_3],[AT_CIE_2],[GN_CIE_2],[PAINF_CIE_4],[PAINF_CIE_5],[AT_CIE_3],[],[]
Instance 290,[101,42,14,8,10,3,6,8,10,0,0,0],[GN_CIE_1,PAINF_CIE_1],[PAINF_CIE_2],[AT_CIE_1,PAINF_CIE_3],[AT_CIE_2],[GN_CIE_2],[PAINF_CIE_4],[AT_CIE_3,PAINF_CIE_5],[],[],[]
Instance 291,[103,43,14,8,10,3,6,16,3,0,0,0],[GN_CIE_1,PAINF_CIE_1],[PAINF_CIE_2],[AT_CIE_1,PAINF_CIE_3],[AT_CIE_2],[GN_CIE_2],[PAINF_CIE_4,PAINF_CIE_5],[AT_CIE_3],[],[],[]
Instance 292,[102,43,14,8,10,3,6,18,0,0,0,0],[GN_CIE_1,PAINF_CIE_1],[PAINF_CIE_2],[AT_CIE_1,PAINF_CIE_3],[AT_CIE_2],[GN_CIE_2],[AT_CIE_3,PAINF_CIE_4,PAINF_CIE_5],[],[],[],[]
Instance 293,[102,42,14,8,10,3,14,8,3,0,0,0],[GN_CIE_1,PAINF_CIE_1],[PAINF_CIE_2],[AT_CIE_1,PAINF_CIE_3],[AT_CIE_2],[GN_CIE_2,PAINF_CIE_4],[PAINF_CIE_5],[AT_CIE_3],[],[],[]
Instance 294,[101,42,14,8,10,3,14,10,0,0,0,0],[GN_CIE_1,PAINF_CIE_1],[PAINF_CIE_2],[AT_CIE_1,PAINF_CIE_3],[AT_CIE_2],[GN_CIE_2,PAINF_CIE_4],[AT_CIE_3,PAINF_CIE_5],[],[],[],[]
Instance 295,[102,43,14,8,10,3,21,3,0,0,0,0],[GN_CIE_1,PAINF_CIE_1],[PAINF_CIE_2],[AT_CIE_1,PAINF_CIE_3],[AT_CIE_2],[GN_CIE_2,PAINF_CIE_4,PAINF_CIE_5],[AT_CIE_3],[],[],[],[]
Instance 296,[102,43,14,8,10,3,24,0,0,0,0,0],[GN_CIE_1,PAINF_CIE_1],[PAINF_CIE_2],[AT_CIE_1,PAINF_CIE_3],[AT_CIE_2],[AT_CIE_3,GN_CIE_2,PAINF_CIE_4,PAINF_CIE_5],[],[],[],[],[]
Instance 297,[101,42,14,8,10,8,8,8,3,0,0,0],[GN_CIE_1,PAINF_CIE_1],[PAINF_CIE_2],[AT_CIE_1,PAINF_CIE_3],[AT_CIE_2,GN_CIE_2],[PAINF_CIE_4],[PAINF_CIE_5],[AT_CIE_3],[],[],[]
Instance 298,[100,42,14,8,10,8,8,10,0,0,0,0],[GN_CIE_1,PAINF_CIE_1],[PAINF_CIE_2],[AT_CIE_1,PAINF_CIE_3],[AT_CIE_2,GN_CIE_2],[PAINF_CIE_4],[AT_CIE_3,PAINF_CIE_5],[],[],[],[]
Instance 299,[102,43,14,8,10,8,16,3,0,0,0,0],[GN_CIE_1,PAINF_CIE_1],[PAINF_CIE_2],[AT_CIE_1,PAINF_CIE_3],[AT_CIE_2,GN_CIE_2],[PAINF_CIE_4,PAINF_CIE_5],[AT_CIE_3],[],[],[],[]
Instance 300,[101,43,14,8,10,8,18,0,0,0,0,0],[GN_CIE_1,PAINF_CIE_1],[PAINF_CIE_2],[AT_CIE_1,PAINF_CIE_3],[AT_CIE_2,GN_CIE_2],[AT_CIE_3,PAINF_CIE_4,PAINF_CIE_5],[],[],[],[],[]
Instance 301,[101,42,14,8,10,16,8,3,0,0,0,0],[GN_CIE_1,PAINF_CIE_1],[PAINF_CIE_2],[AT_CIE_1,PAINF_CIE_3],[AT_CIE_2,GN_CIE_2,PAINF_CIE_4],[PAINF_CIE_5],[AT_CIE_3],[],[],[],[]
Instance 302,[100,42,14,8,10,16,10,0,0,0,0,0],[GN_CIE_1,PAINF_CIE_1],[PAINF_CIE_2],[AT_CIE_1,PAINF_CIE_3],[AT_CIE_2,GN_CIE_2,PAINF_CIE_4],[AT_CIE_3,PAINF_CIE_5],[],[],[],[],[]
Instance 303,[102,43,14,8,10,24,3,0,0,0,0,0],[GN_CIE_1,PAINF_CIE_1],[PAINF_CIE_2],[AT_CIE_1,PAINF_CIE_3],[AT_CIE_2,GN_CIE_2,PAINF_CIE_4,PAINF_CIE_5],[AT_CIE_3],[],[],[],[],[]
Instance 304,[101,43,14,8,10,26,0,0,0,0,0,0],[GN_CIE_1,PAINF_CIE_1],[PAINF_CIE_2],[AT_CIE_1,PAINF_CIE_3],[AT_CIE_2,AT_CIE_3,GN_CIE_2,PAINF_CIE_4,PAINF_CIE_5],[],[],[],[],[],[]
Instance 305,[102,42,14,8,13,6,8,8,3,0,0,0],[GN_CIE_1,PAINF_CIE_1],[PAINF_CIE_2],[AT_CIE_1,AT_CIE_2,PAINF_CIE_3],[GN_CIE_2],[PAINF_CIE_4],[PAINF_CIE_5],[AT_CIE_3],[],[],[]
Instance 306,[101,42,14,8,13,6,8,10,0,0,0,0],[GN_CIE_1,PAINF_CIE_1],[PAINF_CIE_2],[AT_CIE_1,AT_CIE_2,PAINF_CIE_3],[GN_CIE_2],[PAINF_CIE_4],[AT_CIE_3,PAINF_CIE_5],[],[],[],[]
Instance 307,[103,43,14,8,13,6,16,3,0,0,0,0],[GN_CIE_1,PAINF_CIE_1],[PAINF_CIE_2],[AT_CIE_1,AT_CIE_2,PAINF_CIE_3],[GN_CIE_2],[PAINF_CIE_4,PAINF_CIE_5],[AT_CIE_3],[],[],[],[]
Instance 308,[102,43,14,8,13,6,18,0,0,0,0,0],[GN_CIE_1,PAINF_CIE_1],[PAINF_CIE_2],[AT_CIE_1,AT_CIE_2,PAINF_CIE_3],[GN_CIE_2],[AT_CIE_3,PAINF_CIE_4,PAINF_CIE_5],[],[],[],[],[]
Instance 309,[102,42,14,8,13,14,8,3,0,0,0,0],[GN_CIE_1,PAINF_CIE_1],[PAINF_CIE_2],[AT_CIE_1,AT_CIE_2,PAINF_CIE_3],[GN_CIE_2,PAINF_CIE_4],[PAINF_CIE_5],[AT_CIE_3],[],[],[],[]
Instance 310,[101,42,14,8,13,14,10,0,0,0,0,0],[GN_CIE_1,PAINF_CIE_1],[PAINF_CIE_2],[AT_CIE_1,AT_CIE_2,PAINF_CIE_3],[GN_CIE_2,PAINF_CIE_4],[AT_CIE_3,PAINF_CIE_5],[],[],[],[],[]
Instance 311,[102,43,14,8,13,21,3,0,0,0,0,0],[GN_CIE_1,PAINF_CIE_1],[PAINF_CIE_2],[AT_CIE_1,AT_CIE_2,PAINF_CIE_3],[GN_CIE_2,PAINF_CIE_4,PAINF_CIE_5],[AT_CIE_3],[],[],[],[],[]
Instance 312,[102,43,14,8,13,24,0,0,0,0,0,0],[GN_CIE_1,PAINF_CIE_1],[PAINF_CIE_2],[AT_CIE_1,AT_CIE_2,PAINF_CIE_3],[AT_CIE_3,GN_CIE_2,PAINF_CIE_4,PAINF_CIE_5],[],[],[],[],[],[]
Instance 313,[101,42,14,8,18,8,8,3,0,0,0,0],[GN_CIE_1,PAINF_CIE_1],[PAINF_CIE_2],[AT_CIE_1,AT_CIE_2,GN_CIE_2,PAINF_CIE_3],[PAINF_CIE_4],[PAINF_CIE_5],[AT_CIE_3],[],[],[],[]
Instance 314,[100,42,14,8,18,8,10,0,0,0,0,0],[GN_CIE_1,PAINF_CIE_1],[PAINF_CIE_2],[AT_CIE_1,AT_CIE_2,GN_CIE_2,PAINF_CIE_3],[PAINF_CIE_4],[AT_CIE_3,PAINF_CIE_5],[],[],[],[],[]
Instance 315,[102,43,14,8,18,16,3,0,0,0,0,0],[GN_CIE_1,PAINF_CIE_1],[PAINF_CIE_2],[AT_CIE_1,AT_CIE_2,GN_CIE_2,PAINF_CIE_3],[PAINF_CIE_4,PAINF_CIE_5],[AT_CIE_3],[],[],[],[],[]
Instance 316,[101,43,14,8,18,18,0,0,0,0,0,0],[GN_CIE_1,PAINF_CIE_1],[PAINF_CIE_2],[AT_CIE_1,AT_CIE_2,GN_CIE_2,PAINF_CIE_3],[AT_CIE_3,PAINF_CIE_4,PAINF_CIE_5],[],[],[],[],[],[]
Instance 317,[102,43,14,8,26,8,3,0,0,0,0,0],[GN_CIE_1,PAINF_CIE_1],[PAINF_CIE_2],[AT_CIE_1,AT_CIE_2,GN_CIE_2,PAINF_CIE_3,PAINF_CIE_4],[PAINF_CIE_5],[AT_CIE_3],[],[],[],[],[]
Instance 318,[101,43,14,8,26,10,0,0,0,0,0,0],[GN_CIE_1,PAINF_CIE_1],[PAINF_CIE_2],[AT_CIE_1,AT_CIE_2,GN_CIE_2,PAINF_CIE_3,PAINF_CIE_4],[AT_CIE_3,PAINF_CIE_5],[],[],[],[],[],[]
Instance 319,[102,43,14,8,34,3,0,0,0,0,0,0],[GN_CIE_1,PAINF_CIE_1],[PAINF_CIE_2],[AT_CIE_1,AT_CIE_2,GN_CIE_2,PAINF_CIE_3,PAINF_CIE_4,PAINF_CIE_5],[AT_CIE_3],[],[],[],[],[],[]
Instance 320,[101,43,14,8,36,0,0,0,0,0,0,0],[GN_CIE_1,PAINF_CIE_1],[PAINF_CIE_2],[AT_CIE_1,AT_CIE_2,AT_CIE_3,GN_CIE_2,PAINF_CIE_3,PAINF_CIE_4,PAINF_CIE_5],[],[],[],[],[],[],[]
Instance 321,[104,43,14,16,3,3,6,8,8,3,0,0],[GN_CIE_1,PAINF_CIE_1],[PAINF_CIE_2,PAINF_CIE_3],[AT_CIE_1],[AT_CIE_2],[GN_CIE_2],[PAINF_CIE_4],[PAINF_CIE_5],[AT_CIE_3],[],[]
Instance 322,[103,43,14,16,3,3,6,8,10,0,0,0],[GN_CIE_1,PAINF_CIE_1],[PAINF_CIE_2,PAINF_CIE_3],[AT_CIE_1],[AT_CIE_2],[GN_CIE_2],[PAINF_CIE_4],[AT_CIE_3,PAINF_CIE_5],[],[],[]
Instance 323,[104,43,14,16,3,3,6,16,3,0,0,0],[GN_CIE_1,PAINF_CIE_1],[PAINF_CIE_2,PAINF_CIE_3],[AT_CIE_1],[AT_CIE_2],[GN_CIE_2],[PAINF_CIE_4,PAINF_CIE_5],[AT_CIE_3],[],[],[]
Instance 324,[103,43,14,16,3,3,6,18,0,0,0,0],[GN_CIE_1,PAINF_CIE_1],[PAINF_CIE_2,PAINF_CIE_3],[AT_CIE_1],[AT_CIE_2],[GN_CIE_2],[AT_CIE_3,PAINF_CIE_4,PAINF_CIE_5],[],[],[],[]
Instance 325,[104,43,14,16,3,3,14,8,3,0,0,0],[GN_CIE_1,PAINF_CIE_1],[PAINF_CIE_2,PAINF_CIE_3],[AT_CIE_1],[AT_CIE_2],[GN_CIE_2,PAINF_CIE_4],[PAINF_CIE_5],[AT_CIE_3],[],[],[]
Instance 326,[103,43,14,16,3,3,14,10,0,0,0,0],[GN_CIE_1,PAINF_CIE_1],[PAINF_CIE_2,PAINF_CIE_3],[AT_CIE_1],[AT_CIE_2],[GN_CIE_2,PAINF_CIE_4],[AT_CIE_3,PAINF_CIE_5],[],[],[],[]
Instance 327,[103,43,14,16,3,3,21,3,0,0,0,0],[GN_CIE_1,PAINF_CIE_1],[PAINF_CIE_2,PAINF_CIE_3],[AT_CIE_1],[AT_CIE_2],[GN_CIE_2,PAINF_CIE_4,PAINF_CIE_5],[AT_CIE_3],[],[],[],[]
Instance 328,[103,43,14,16,3,3,24,0,0,0,0,0],[GN_CIE_1,PAINF_CIE_1],[PAINF_CIE_2,PAINF_CIE_3],[AT_CIE_1],[AT_CIE_2],[AT_CIE_3,GN_CIE_2,PAINF_CIE_4,PAINF_CIE_5],[],[],[],[],[]
Instance 329,[103,43,14,16,3,8,8,8,3,0,0,0],[GN_CIE_1,PAINF_CIE_1],[PAINF_CIE_2,PAINF_CIE_3],[AT_CIE_1],[AT_CIE_2,GN_CIE_2],[PAINF_CIE_4],[PAINF_CIE_5],[AT_CIE_3],[],[],[]
Instance 330,[102,43,14,16,3,8,8,10,0,0,0,0],[GN_CIE_1,PAINF_CIE_1],[PAINF_CIE_2,PAINF_CIE_3],[AT_CIE_1],[AT_CIE_2,GN_CIE_2],[PAINF_CIE_4],[AT_CIE_3,PAINF_CIE_5],[],[],[],[]
Instance 331,[103,43,14,16,3,8,16,3,0,0,0,0],[GN_CIE_1,PAINF_CIE_1],[PAINF_CIE_2,PAINF_CIE_3],[AT_CIE_1],[AT_CIE_2,GN_CIE_2],[PAINF_CIE_4,PAINF_CIE_5],[AT_CIE_3],[],[],[],[]
Instance 332,[102,43,14,16,3,8,18,0,0,0,0,0],[GN_CIE_1,PAINF_CIE_1],[PAINF_CIE_2,PAINF_CIE_3],[AT_CIE_1],[AT_CIE_2,GN_CIE_2],[AT_CIE_3,PAINF_CIE_4,PAINF_CIE_5],[],[],[],[],[]
Instance 333,[103,43,14,16,3,16,8,3,0,0,0,0],[GN_CIE_1,PAINF_CIE_1],[PAINF_CIE_2,PAINF_CIE_3],[AT_CIE_1],[AT_CIE_2,GN_CIE_2,PAINF_CIE_4],[PAINF_CIE_5],[AT_CIE_3],[],[],[],[]
Instance 334,[102,43,14,16,3,16,10,0,0,0,0,0],[GN_CIE_1,PAINF_CIE_1],[PAINF_CIE_2,PAINF_CIE_3],[AT_CIE_1],[AT_CIE_2,GN_CIE_2,PAINF_CIE_4],[AT_CIE_3,PAINF_CIE_5],[],[],[],[],[]
Instance 335,[103,43,14,16,3,24,3,0,0,0,0,0],[GN_CIE_1,PAINF_CIE_1],[PAINF_CIE_2,PAINF_CIE_3],[AT_CIE_1],[AT_CIE_2,GN_CIE_2,PAINF_CIE_4,PAINF_CIE_5],[AT_CIE_3],[],[],[],[],[]
Instance 336,[102,43,14,16,3,26,0,0,0,0,0,0],[GN_CIE_1,PAINF_CIE_1],[PAINF_CIE_2,PAINF_CIE_3],[AT_CIE_1],[AT_CIE_2,AT_CIE_3,GN_CIE_2,PAINF_CIE_4,PAINF_CIE_5],[],[],[],[],[],[]
Instance 337,[103,43,14,16,5,6,8,8,3,0,0,0],[GN_CIE_1,PAINF_CIE_1],[PAINF_CIE_2,PAINF_CIE_3],[AT_CIE_1,AT_CIE_2],[GN_CIE_2],[PAINF_CIE_4],[PAINF_CIE_5],[AT_CIE_3],[],[],[]
Instance 338,[102,43,14,16,5,6,8,10,0,0,0,0],[GN_CIE_1,PAINF_CIE_1],[PAINF_CIE_2,PAINF_CIE_3],[AT_CIE_1,AT_CIE_2],[GN_CIE_2],[PAINF_CIE_4],[AT_CIE_3,PAINF_CIE_5],[],[],[],[]
Instance 339,[103,43,14,16,5,6,16,3,0,0,0,0],[GN_CIE_1,PAINF_CIE_1],[PAINF_CIE_2,PAINF_CIE_3],[AT_CIE_1,AT_CIE_2],[GN_CIE_2],[PAINF_CIE_4,PAINF_CIE_5],[AT_CIE_3],[],[],[],[]
Instance 340,[102,43,14,16,5,6,18,0,0,0,0,0],[GN_CIE_1,PAINF_CIE_1],[PAINF_CIE_2,PAINF_CIE_3],[AT_CIE_1,AT_CIE_2],[GN_CIE_2],[AT_CIE_3,PAINF_CIE_4,PAINF_CIE_5],[],[],[],[],[]
Instance 341,[103,43,14,16,5,14,8,3,0,0,0,0],[GN_CIE_1,PAINF_CIE_1],[PAINF_CIE_2,PAINF_CIE_3],[AT_CIE_1,AT_CIE_2],[GN_CIE_2,PAINF_CIE_4],[PAINF_CIE_5],[AT_CIE_3],[],[],[],[]
Instance 342,[102,43,14,16,5,14,10,0,0,0,0,0],[GN_CIE_1,PAINF_CIE_1],[PAINF_CIE_2,PAINF_CIE_3],[AT_CIE_1,AT_CIE_2],[GN_CIE_2,PAINF_CIE_4],[AT_CIE_3,PAINF_CIE_5],[],[],[],[],[]
Instance 343,[102,43,14,16,5,21,3,0,0,0,0,0],[GN_CIE_1,PAINF_CIE_1],[PAINF_CIE_2,PAINF_CIE_3],[AT_CIE_1,AT_CIE_2],[GN_CIE_2,PAINF_CIE_4,PAINF_CIE_5],[AT_CIE_3],[],[],[],[],[]
Instance 344,[102,43,14,16,5,24,0,0,0,0,0,0],[GN_CIE_1,PAINF_CIE_1],[PAINF_CIE_2,PAINF_CIE_3],[AT_CIE_1,AT_CIE_2],[AT_CIE_3,GN_CIE_2,PAINF_CIE_4,PAINF_CIE_5],[],[],[],[],[],[]
Instance 345,[103,43,14,16,11,8,8,3,0,0,0,0],[GN_CIE_1,PAINF_CIE_1],[PAINF_CIE_2,PAINF_CIE_3],[AT_CIE_1,AT_CIE_2,GN_CIE_2],[PAINF_CIE_4],[PAINF_CIE_5],[AT_CIE_3],[],[],[],[]
Instance 346,[102,43,14,16,11,8,10,0,0,0,0,0],[GN_CIE_1,PAINF_CIE_1],[PAINF_CIE_2,PAINF_CIE_3],[AT_CIE_1,AT_CIE_2,GN_CIE_2],[PAINF_CIE_4],[AT_CIE_3,PAINF_CIE_5],[],[],[],[],[]
Instance 347,[103,43,14,16,11,16,3,0,0,0,0,0],[GN_CIE_1,PAINF_CIE_1],[PAINF_CIE_2,PAINF_CIE_3],[AT_CIE_1,AT_CIE_2,GN_CIE_2],[PAINF_CIE_4,PAINF_CIE_5],[AT_CIE_3],[],[],[],[],[]
Instance 348,[102,43,14,16,11,18,0,0,0,0,0,0],[GN_CIE_1,PAINF_CIE_1],[PAINF_CIE_2,PAINF_CIE_3],[AT_CIE_1,AT_CIE_2,GN_CIE_2],[AT_CIE_3,PAINF_CIE_4,PAINF_CIE_5],[],[],[],[],[],[]
Instance 349,[102,43,14,16,18,8,3,0,0,0,0,0],[GN_CIE_1,PAINF_CIE_1],[PAINF_CIE_2,PAINF_CIE_3],[AT_CIE_1,AT_CIE_2,GN_CIE_2,PAINF_CIE_4],[PAINF_CIE_5],[AT_CIE_3],[],[],[],[],[]
Instance 350,[101,43,14,16,18,10,0,0,0,0,0,0],[GN_CIE_1,PAINF_CIE_1],[PAINF_CIE_2,PAINF_CIE_3],[AT_CIE_1,AT_CIE_2,GN_CIE_2,PAINF_CIE_4],[AT_CIE_3,PAINF_CIE_5],[],[],[],[],[],[]
Instance 351,[102,43,14,16,26,3,0,0,0,0,0,0],[GN_CIE_1,PAINF_CIE_1],[PAINF_CIE_2,PAINF_CIE_3],[AT_CIE_1,AT_CIE_2,GN_CIE_2,PAINF_CIE_4,PAINF_CIE_5],[AT_CIE_3],[],[],[],[],[],[]
Instance 352,[101,43,14,16,28,0,0,0,0,0,0,0],[GN_CIE_1,PAINF_CIE_1],[PAINF_CIE_2,PAINF_CIE_3],[AT_CIE_1,AT_CIE_2,AT_CIE_3,GN_CIE_2,PAINF_CIE_4,PAINF_CIE_5],[],[],[],[],[],[],[]
Instance 353,[103,43,14,18,3,6,8,8,3,0,0,0],[GN_CIE_1,PAINF_CIE_1],[AT_CIE_1,PAINF_CIE_2,PAINF_CIE_3],[AT_CIE_2],[GN_CIE_2],[PAINF_CIE_4],[PAINF_CIE_5],[AT_CIE_3],[],[],[]
Instance 354,[102,43,14,18,3,6,8,10,0,0,0,0],[GN_CIE_1,PAINF_CIE_1],[AT_CIE_1,PAINF_CIE_2,PAINF_CIE_3],[AT_CIE_2],[GN_CIE_2],[PAINF_CIE_4],[AT_CIE_3,PAINF_CIE_5],[],[],[],[]
Instance 355,[103,43,14,18,3,6,16,3,0,0,0,0],[GN_CIE_1,PAINF_CIE_1],[AT_CIE_1,PAINF_CIE_2,PAINF_CIE_3],[AT_CIE_2],[GN_CIE_2],[PAINF_CIE_4,PAINF_CIE_5],[AT_CIE_3],[],[],[],[]
Instance 356,[102,43,14,18,3,6,18,0,0,0,0,0],[GN_CIE_1,PAINF_CIE_1],[AT_CIE_1,PAINF_CIE_2,PAINF_CIE_3],[AT_CIE_2],[GN_CIE_2],[AT_CIE_3,PAINF_CIE_4,PAINF_CIE_5],[],[],[],[],[]
Instance 357,[103,43,14,18,3,14,8,3,0,0,0,0],[GN_CIE_1,PAINF_CIE_1],[AT_CIE_1,PAINF_CIE_2,PAINF_CIE_3],[AT_CIE_2],[GN_CIE_2,PAINF_CIE_4],[PAINF_CIE_5],[AT_CIE_3],[],[],[],[]
Instance 358,[102,43,14,18,3,14,10,0,0,0,0,0],[GN_CIE_1,PAINF_CIE_1],[AT_CIE_1,PAINF_CIE_2,PAINF_CIE_3],[AT_CIE_2],[GN_CIE_2,PAINF_CIE_4],[AT_CIE_3,PAINF_CIE_5],[],[],[],[],[]
Instance 359,[102,43,14,18,3,21,3,0,0,0,0,0],[GN_CIE_1,PAINF_CIE_1],[AT_CIE_1,PAINF_CIE_2,PAINF_CIE_3],[AT_CIE_2],[GN_CIE_2,PAINF_CIE_4,PAINF_CIE_5],[AT_CIE_3],[],[],[],[],[]
Instance 360,[102,43,14,18,3,24,0,0,0,0,0,0],[GN_CIE_1,PAINF_CIE_1],[AT_CIE_1,PAINF_CIE_2,PAINF_CIE_3],[AT_CIE_2],[AT_CIE_3,GN_CIE_2,PAINF_CIE_4,PAINF_CIE_5],[],[],[],[],[],[]
Instance 361,[102,43,14,18,8,8,8,3,0,0,0,0],[GN_CIE_1,PAINF_CIE_1],[AT_CIE_1,PAINF_CIE_2,PAINF_CIE_3],[AT_CIE_2,GN_CIE_2],[PAINF_CIE_4],[PAINF_CIE_5],[AT_CIE_3],[],[],[],[]
Instance 362,[101,43,14,18,8,8,10,0,0,0,0,0],[GN_CIE_1,PAINF_CIE_1],[AT_CIE_1,PAINF_CIE_2,PAINF_CIE_3],[AT_CIE_2,GN_CIE_2],[PAINF_CIE_4],[AT_CIE_3,PAINF_CIE_5],[],[],[],[],[]
Instance 363,[102,43,14,18,8,16,3,0,0,0,0,0],[GN_CIE_1,PAINF_CIE_1],[AT_CIE_1,PAINF_CIE_2,PAINF_CIE_3],[AT_CIE_2,GN_CIE_2],[PAINF_CIE_4,PAINF_CIE_5],[AT_CIE_3],[],[],[],[],[]
Instance 364,[101,43,14,18,8,18,0,0,0,0,0,0],[GN_CIE_1,PAINF_CIE_1],[AT_CIE_1,PAINF_CIE_2,PAINF_CIE_3],[AT_CIE_2,GN_CIE_2],[AT_CIE_3,PAINF_CIE_4,PAINF_CIE_5],[],[],[],[],[],[]
Instance 365,[102,43,14,18,16,8,3,0,0,0,0,0],[GN_CIE_1,PAINF_CIE_1],[AT_CIE_1,PAINF_CIE_2,PAINF_CIE_3],[AT_CIE_2,GN_CIE_2,PAINF_CIE_4],[PAINF_CIE_5],[AT_CIE_3],[],[],[],[],[]
Instance 366,[101,43,14,18,16,10,0,0,0,0,0,0],[GN_CIE_1,PAINF_CIE_1],[AT_CIE_1,PAINF_CIE_2,PAINF_CIE_3],[AT_CIE_2,GN_CIE_2,PAINF_CIE_4],[AT_CIE_3,PAINF_CIE_5],[],[],[],[],[],[]
Instance 367,[102,43,14,18,24,3,0,0,0,0,0,0],[GN_CIE_1,PAINF_CIE_1],[AT_CIE_1,PAINF_CIE_2,PAINF_CIE_3],[AT_CIE_2,GN_CIE_2,PAINF_CIE_4,PAINF_CIE_5],[AT_CIE_3],[],[],[],[],[],[]
Instance 368,[101,43,14,18,26,0,0,0,0,0,0,0],[GN_CIE_1,PAINF_CIE_1],[AT_CIE_1,PAINF_CIE_2,PAINF_CIE_3],[AT_CIE_2,AT_CIE_3,GN_CIE_2,PAINF_CIE_4,PAINF_CIE_5],[],[],[],[],[],[],[]
Instance 369,[102,43,14,20,6,8,8,3,0,0,0,0],[GN_CIE_1,PAINF_CIE_1],[AT_CIE_1,AT_CIE_2,PAINF_CIE_2,PAINF_CIE_3],[GN_CIE_2],[PAINF_CIE_4],[PAINF_CIE_5],[AT_CIE_3],[],[],[],[]
Instance 370,[101,43,14,20,6,8,10,0,0,0,0,0],[GN_CIE_1,PAINF_CIE_1],[AT_CIE_1,AT_CIE_2,PAINF_CIE_2,PAINF_CIE_3],[GN_CIE_2],[PAINF_CIE_4],[AT_CIE_3,PAINF_CIE_5],[],[],[],[],[]
Instance 371,[102,43,14,20,6,16,3,0,0,0,0,0],[GN_CIE_1,PAINF_CIE_1],[AT_CIE_1,AT_CIE_2,PAINF_CIE_2,PAINF_CIE_3],[GN_CIE_2],[PAINF_CIE_4,PAINF_CIE_5],[AT_CIE_3],[],[],[],[],[]
Instance 372,[101,43,14,20,6,18,0,0,0,0,0,0],[GN_CIE_1,PAINF_CIE_1],[AT_CIE_1,AT_CIE_2,PAINF_CIE_2,PAINF_CIE_3],[GN_CIE_2],[AT_CIE_3,PAINF_CIE_4,PAINF_CIE_5],[],[],[],[],[],[]
Instance 373,[102,43,14,20,14,8,3,0,0,0,0,0],[GN_CIE_1,PAINF_CIE_1],[AT_CIE_1,AT_CIE_2,PAINF_CIE_2,PAINF_CIE_3],[GN_CIE_2,PAINF_CIE_4],[PAINF_CIE_5],[AT_CIE_3],[],[],[],[],[]
Instance 374,[101,43,14,20,14,10,0,0,0,0,0,0],[GN_CIE_1,PAINF_CIE_1],[AT_CIE_1,AT_CIE_2,PAINF_CIE_2,PAINF_CIE_3],[GN_CIE_2,PAINF_CIE_4],[AT_CIE_3,PAINF_CIE_5],[],[],[],[],[],[]
Instance 375,[101,43,14,20,21,3,0,0,0,0,0,0],[GN_CIE_1,PAINF_CIE_1],[AT_CIE_1,AT_CIE_2,PAINF_CIE_2,PAINF_CIE_3],[GN_CIE_2,PAINF_CIE_4,PAINF_CIE_5],[AT_CIE_3],[],[],[],[],[],[]
Instance 376,[101,43,14,20,24,0,0,0,0,0,0,0],[GN_CIE_1,PAINF_CIE_1],[AT_CIE_1,AT_CIE_2,PAINF_CIE_2,PAINF_CIE_3],[AT_CIE_3,GN_CIE_2,PAINF_CIE_4,PAINF_CIE_5],[],[],[],[],[],[],[]
Instance 377,[102,43,14,26,8,8,3,0,0,0,0,0],[GN_CIE_1,PAINF_CIE_1],[AT_CIE_1,AT_CIE_2,GN_CIE_2,PAINF_CIE_2,PAINF_CIE_3],[PAINF_CIE_4],[PAINF_CIE_5],[AT_CIE_3],[],[],[],[],[]
Instance 378,[101,43,14,26,8,10,0,0,0,0,0,0],[GN_CIE_1,PAINF_CIE_1],[AT_CIE_1,AT_CIE_2,GN_CIE_2,PAINF_CIE_2,PAINF_CIE_3],[PAINF_CIE_4],[AT_CIE_3,PAINF_CIE_5],[],[],[],[],[],[]
Instance 379,[102,43,14,26,16,3,0,0,0,0,0,0],[GN_CIE_1,PAINF_CIE_1],[AT_CIE_1,AT_CIE_2,GN_CIE_2,PAINF_CIE_2,PAINF_CIE_3],[PAINF_CIE_4,PAINF_CIE_5],[AT_CIE_3],[],[],[],[],[],[]
Instance 380,[101,43,14,26,18,0,0,0,0,0,0,0],[GN_CIE_1,PAINF_CIE_1],[AT_CIE_1,AT_CIE_2,GN_CIE_2,PAINF_CIE_2,PAINF_CIE_3],[AT_CIE_3,PAINF_CIE_4,PAINF_CIE_5],[],[],[],[],[],[],[]
Instance 381,[102,43,14,34,8,3,0,0,0,0,0,0],[GN_CIE_1,PAINF_CIE_1],[AT_CIE_1,AT_CIE_2,GN_CIE_2,PAINF_CIE_2,PAINF_CIE_3,PAINF_CIE_4],[PAINF_CIE_5],[AT_CIE_3],[],[],[],[],[],[]
Instance 382,[101,43,14,34,10,0,0,0,0,0,0,0],[GN_CIE_1,PAINF_CIE_1],[AT_CIE_1,AT_CIE_2,GN_CIE_2,PAINF_CIE_2,PAINF_CIE_3,PAINF_CIE_4],[AT_CIE_3,PAINF_CIE_5],[],[],[],[],[],[],[]
Instance 383,[101,43,14,41,3,0,0,0,0,0,0,0],[GN_CIE_1,PAINF_CIE_1],[AT_CIE_1,AT_CIE_2,GN_CIE_2,PAINF_CIE_2,PAINF_CIE_3,PAINF_CIE_4,PAINF_CIE_5],[AT_CIE_3],[],[],[],[],[],[],[]
Instance 384,[101,43,14,44,0,0,0,0,0,0,0,0],[GN_CIE_1,PAINF_CIE_1],[AT_CIE_1,AT_CIE_2,AT_CIE_3,GN_CIE_2,PAINF_CIE_2,PAINF_CIE_3,PAINF_CIE_4,PAINF_CIE_5],[],[],[],[],[],[],[],[]
Instance 385,[103,43,21,8,3,3,6,8,8,3,0,0],[GN_CIE_1,PAINF_CIE_1,PAINF_CIE_2],[PAINF_CIE_3],[AT_CIE_1],[AT_CIE_2],[GN_CIE_2],[PAINF_CIE_4],[PAINF_CIE_5],[AT_CIE_3],[],[]
Instance 386,[102,43,21,8,3,3,6,8,10,0,0,0],[GN_CIE_1,PAINF_CIE_1,PAINF_CIE_2],[PAINF_CIE_3],[AT_CIE_1],[AT_CIE_2],[GN_CIE_2],[PAINF_CIE_4],[AT_CIE_3,PAINF_CIE_5],[],[],[]
Instance 387,[103,43,21,8,3,3,6,16,3,0,0,0],[GN_CIE_1,PAINF_CIE_1,PAINF_CIE_2],[PAINF_CIE_3],[AT_CIE_1],[AT_CIE_2],[GN_CIE_2],[PAINF_CIE_4,PAINF_CIE_5],[AT_CIE_3],[],[],[]
Instance 388,[102,43,21,8,3,3,6,18,0,0,0,0],[GN_CIE_1,PAINF_CIE_1,PAINF_CIE_2],[PAINF_CIE_3],[AT_CIE_1],[AT_CIE_2],[GN_CIE_2],[AT_CIE_3,PAINF_CIE_4,PAINF_CIE_5],[],[],[],[]
Instance 389,[103,43,21,8,3,3,14,8,3,0,0,0],[GN_CIE_1,PAINF_CIE_1,PAINF_CIE_2],[PAINF_CIE_3],[AT_CIE_1],[AT_CIE_2],[GN_CIE_2,PAINF_CIE_4],[PAINF_CIE_5],[AT_CIE_3],[],[],[]
Instance 390,[102,43,21,8,3,3,14,10,0,0,0,0],[GN_CIE_1,PAINF_CIE_1,PAINF_CIE_2],[PAINF_CIE_3],[AT_CIE_1],[AT_CIE_2],[GN_CIE_2,PAINF_CIE_4],[AT_CIE_3,PAINF_CIE_5],[],[],[],[]
Instance 391,[102,43,21,8,3,3,21,3,0,0,0,0],[GN_CIE_1,PAINF_CIE_1,PAINF_CIE_2],[PAINF_CIE_3],[AT_CIE_1],[AT_CIE_2],[GN_CIE_2,PAINF_CIE_4,PAINF_CIE_5],[AT_CIE_3],[],[],[],[]
Instance 392,[102,43,21,8,3,3,24,0,0,0,0,0],[GN_CIE_1,PAINF_CIE_1,PAINF_CIE_2],[PAINF_CIE_3],[AT_CIE_1],[AT_CIE_2],[AT_CIE_3,GN_CIE_2,PAINF_CIE_4,PAINF_CIE_5],[],[],[],[],[]
Instance 393,[102,43,21,8,3,8,8,8,3,0,0,0],[GN_CIE_1,PAINF_CIE_1,PAINF_CIE_2],[PAINF_CIE_3],[AT_CIE_1],[AT_CIE_2,GN_CIE_2],[PAINF_CIE_4],[PAINF_CIE_5],[AT_CIE_3],[],[],[]
Instance 394,[101,43,21,8,3,8,8,10,0,0,0,0],[GN_CIE_1,PAINF_CIE_1,PAINF_CIE_2],[PAINF_CIE_3],[AT_CIE_1],[AT_CIE_2,GN_CIE_2],[PAINF_CIE_4],[AT_CIE_3,PAINF_CIE_5],[],[],[],[]
Instance 395,[102,43,21,8,3,8,16,3,0,0,0,0],[GN_CIE_1,PAINF_CIE_1,PAINF_CIE_2],[PAINF_CIE_3],[AT_CIE_1],[AT_CIE_2,GN_CIE_2],[PAINF_CIE_4,PAINF_CIE_5],[AT_CIE_3],[],[],[],[]
Instance 396,[101,43,21,8,3,8,18,0,0,0,0,0],[GN_CIE_1,PAINF_CIE_1,PAINF_CIE_2],[PAINF_CIE_3],[AT_CIE_1],[AT_CIE_2,GN_CIE_2],[AT_CIE_3,PAINF_CIE_4,PAINF_CIE_5],[],[],[],[],[]
Instance 397,[102,43,21,8,3,16,8,3,0,0,0,0],[GN_CIE_1,PAINF_CIE_1,PAINF_CIE_2],[PAINF_CIE_3],[AT_CIE_1],[AT_CIE_2,GN_CIE_2,PAINF_CIE_4],[PAINF_CIE_5],[AT_CIE_3],[],[],[],[]
Instance 398,[101,43,21,8,3,16,10,0,0,0,0,0],[GN_CIE_1,PAINF_CIE_1,PAINF_CIE_2],[PAINF_CIE_3],[AT_CIE_1],[AT_CIE_2,GN_CIE_2,PAINF_CIE_4],[AT_CIE_3,PAINF_CIE_5],[],[],[],[],[]
Instance 399,[102,43,21,8,3,24,3,0,0,0,0,0],[GN_CIE_1,PAINF_CIE_1,PAINF_CIE_2],[PAINF_CIE_3],[AT_CIE_1],[AT_CIE_2,GN_CIE_2,PAINF_CIE_4,PAINF_CIE_5],[AT_CIE_3],[],[],[],[],[]
Instance 400,[101,43,21,8,3,26,0,0,0,0,0,0],[GN_CIE_1,PAINF_CIE_1,PAINF_CIE_2],[PAINF_CIE_3],[AT_CIE_1],[AT_CIE_2,AT_CIE_3,GN_CIE_2,PAINF_CIE_4,PAINF_CIE_5],[],[],[],[],[],[]
Instance 401,[102,43,21,8,5,6,8,8,3,0,0,0],[GN_CIE_1,PAINF_CIE_1,PAINF_CIE_2],[PAINF_CIE_3],[AT_CIE_1,AT_CIE_2],[GN_CIE_2],[PAINF_CIE_4],[PAINF_CIE_5],[AT_CIE_3],[],[],[]
Instance 402,[101,43,21,8,5,6,8,10,0,0,0,0],[GN_CIE_1,PAINF_CIE_1,PAINF_CIE_2],[PAINF_CIE_3],[AT_CIE_1,AT_CIE_2],[GN_CIE_2],[PAINF_CIE_4],[AT_CIE_3,PAINF_CIE_5],[],[],[],[]
Instance 403,[102,43,21,8,5,6,16,3,0,0,0,0],[GN_CIE_1,PAINF_CIE_1,PAINF_CIE_2],[PAINF_CIE_3],[AT_CIE_1,AT_CIE_2],[GN_CIE_2],[PAINF_CIE_4,PAINF_CIE_5],[AT_CIE_3],[],[],[],[]
Instance 404,[101,43,21,8,5,6,18,0,0,0,0,0],[GN_CIE_1,PAINF_CIE_1,PAINF_CIE_2],[PAINF_CIE_3],[AT_CIE_1,AT_CIE_2],[GN_CIE_2],[AT_CIE_3,PAINF_CIE_4,PAINF_CIE_5],[],[],[],[],[]
Instance 405,[102,43,21,8,5,14,8,3,0,0,0,0],[GN_CIE_1,PAINF_CIE_1,PAINF_CIE_2],[PAINF_CIE_3],[AT_CIE_1,AT_CIE_2],[GN_CIE_2,PAINF_CIE_4],[PAINF_CIE_5],[AT_CIE_3],[],[],[],[]
Instance 406,[101,43,21,8,5,14,10,0,0,0,0,0],[GN_CIE_1,PAINF_CIE_1,PAINF_CIE_2],[PAINF_CIE_3],[AT_CIE_1,AT_CIE_2],[GN_CIE_2,PAINF_CIE_4],[AT_CIE_3,PAINF_CIE_5],[],[],[],[],[]
Instance 407,[101,43,21,8,5,21,3,0,0,0,0,0],[GN_CIE_1,PAINF_CIE_1,PAINF_CIE_2],[PAINF_CIE_3],[AT_CIE_1,AT_CIE_2],[GN_CIE_2,PAINF_CIE_4,PAINF_CIE_5],[AT_CIE_3],[],[],[],[],[]
Instance 408,[101,43,21,8,5,24,0,0,0,0,0,0],[GN_CIE_1,PAINF_CIE_1,PAINF_CIE_2],[PAINF_CIE_3],[AT_CIE_1,AT_CIE_2],[AT_CIE_3,GN_CIE_2,PAINF_CIE_4,PAINF_CIE_5],[],[],[],[],[],[]
Instance 409,[102,43,21,8,11,8,8,3,0,0,0,0],[GN_CIE_1,PAINF_CIE_1,PAINF_CIE_2],[PAINF_CIE_3],[AT_CIE_1,AT_CIE_2,GN_CIE_2],[PAINF_CIE_4],[PAINF_CIE_5],[AT_CIE_3],[],[],[],[]
Instance 410,[101,43,21,8,11,8,10,0,0,0,0,0],[GN_CIE_1,PAINF_CIE_1,PAINF_CIE_2],[PAINF_CIE_3],[AT_CIE_1,AT_CIE_2,GN_CIE_2],[PAINF_CIE_4],[AT_CIE_3,PAINF_CIE_5],[],[],[],[],[]
Instance 411,[102,43,21,8,11,16,3,0,0,0,0,0],[GN_CIE_1,PAINF_CIE_1,PAINF_CIE_2],[PAINF_CIE_3],[AT_CIE_1,AT_CIE_2,GN_CIE_2],[PAINF_CIE_4,PAINF_CIE_5],[AT_CIE_3],[],[],[],[],[]
Instance 412,[101,43,21,8,11,18,0,0,0,0,0,0],[GN_CIE_1,PAINF_CIE_1,PAINF_CIE_2],[PAINF_CIE_3],[AT_CIE_1,AT_CIE_2,GN_CIE_2],[AT_CIE_3,PAINF_CIE_4,PAINF_CIE_5],[],[],[],[],[],[]
Instance 413,[101,43,21,8,18,8,3,0,0,0,0,0],[GN_CIE_1,PAINF_CIE_1,PAINF_CIE_2],[PAINF_CIE_3],[AT_CIE_1,AT_CIE_2,GN_CIE_2,PAINF_CIE_4],[PAINF_CIE_5],[AT_CIE_3],[],[],[],[],[]
Instance 414,[100,43,21,8,18,10,0,0,0,0,0,0],[GN_CIE_1,PAINF_CIE_1,PAINF_CIE_2],[PAINF_CIE_3],[AT_CIE_1,AT_CIE_2,GN_CIE_2,PAINF_CIE_4],[AT_CIE_3,PAINF_CIE_5],[],[],[],[],[],[]
Instance 415,[101,43,21,8,26,3,0,0,0,0,0,0],[GN_CIE_1,PAINF_CIE_1,PAINF_CIE_2],[PAINF_CIE_3],[AT_CIE_1,AT_CIE_2,GN_CIE_2,PAINF_CIE_4,PAINF_CIE_5],[AT_CIE_3],[],[],[],[],[],[]
Instance 416,[100,43,21,8,28,0,0,0,0,0,0,0],[GN_CIE_1,PAINF_CIE_1,PAINF_CIE_2],[PAINF_CIE_3],[AT_CIE_1,AT_CIE_2,AT_CIE_3,GN_CIE_2,PAINF_CIE_4,PAINF_CIE_5],[],[],[],[],[],[],[]
Instance 417,[102,43,21,10,3,6,8,8,3,0,0,0],[GN_CIE_1,PAINF_CIE_1,PAINF_CIE_2],[AT_CIE_1,PAINF_CIE_3],[AT_CIE_2],[GN_CIE_2],[PAINF_CIE_4],[PAINF_CIE_5],[AT_CIE_3],[],[],[]
Instance 418,[101,43,21,10,3,6,8,10,0,0,0,0],[GN_CIE_1,PAINF_CIE_1,PAINF_CIE_2],[AT_CIE_1,PAINF_CIE_3],[AT_CIE_2],[GN_CIE_2],[PAINF_CIE_4],[AT_CIE_3,PAINF_CIE_5],[],[],[],[]
Instance 419,[102,43,21,10,3,6,16,3,0,0,0,0],[GN_CIE_1,PAINF_CIE_1,PAINF_CIE_2],[AT_CIE_1,PAINF_CIE_3],[AT_CIE_2],[GN_CIE_2],[PAINF_CIE_4,PAINF_CIE_5],[AT_CIE_3],[],[],[],[]
Instance 420,[101,43,21,10,3,6,18,0,0,0,0,0],[GN_CIE_1,PAINF_CIE_1,PAINF_CIE_2],[AT_CIE_1,PAINF_CIE_3],[AT_CIE_2],[GN_CIE_2],[AT_CIE_3,PAINF_CIE_4,PAINF_CIE_5],[],[],[],[],[]
Instance 421,[102,43,21,10,3,14,8,3,0,0,0,0],[GN_CIE_1,PAINF_CIE_1,PAINF_CIE_2],[AT_CIE_1,PAINF_CIE_3],[AT_CIE_2],[GN_CIE_2,PAINF_CIE_4],[PAINF_CIE_5],[AT_CIE_3],[],[],[],[]
Instance 422,[101,43,21,10,3,14,10,0,0,0,0,0],[GN_CIE_1,PAINF_CIE_1,PAINF_CIE_2],[AT_CIE_1,PAINF_CIE_3],[AT_CIE_2],[GN_CIE_2,PAINF_CIE_4],[AT_CIE_3,PAINF_CIE_5],[],[],[],[],[]
Instance 423,[101,43,21,10,3,21,3,0,0,0,0,0],[GN_CIE_1,PAINF_CIE_1,PAINF_CIE_2],[AT_CIE_1,PAINF_CIE_3],[AT_CIE_2],[GN_CIE_2,PAINF_CIE_4,PAINF_CIE_5],[AT_CIE_3],[],[],[],[],[]
Instance 424,[101,43,21,10,3,24,0,0,0,0,0,0],[GN_CIE_1,PAINF_CIE_1,PAINF_CIE_2],[AT_CIE_1,PAINF_CIE_3],[AT_CIE_2],[AT_CIE_3,GN_CIE_2,PAINF_CIE_4,PAINF_CIE_5],[],[],[],[],[],[]
Instance 425,[101,43,21,10,8,8,8,3,0,0,0,0],[GN_CIE_1,PAINF_CIE_1,PAINF_CIE_2],[AT_CIE_1,PAINF_CIE_3],[AT_CIE_2,GN_CIE_2],[PAINF_CIE_4],[PAINF_CIE_5],[AT_CIE_3],[],[],[],[]
Instance 426,[100,43,21,10,8,8,10,0,0,0,0,0],[GN_CIE_1,PAINF_CIE_1,PAINF_CIE_2],[AT_CIE_1,PAINF_CIE_3],[AT_CIE_2,GN_CIE_2],[PAINF_CIE_4],[AT_CIE_3,PAINF_CIE_5],[],[],[],[],[]
Instance 427,[101,43,21,10,8,16,3,0,0,0,0,0],[GN_CIE_1,PAINF_CIE_1,PAINF_CIE_2],[AT_CIE_1,PAINF_CIE_3],[AT_CIE_2,GN_CIE_2],[PAINF_CIE_4,PAINF_CIE_5],[AT_CIE_3],[],[],[],[],[]
Instance 428,[100,43,21,10,8,18,0,0,0,0,0,0],[GN_CIE_1,PAINF_CIE_1,PAINF_CIE_2],[AT_CIE_1,PAINF_CIE_3],[AT_CIE_2,GN_CIE_2],[AT_CIE_3,PAINF_CIE_4,PAINF_CIE_5],[],[],[],[],[],[]
Instance 429,[101,43,21,10,16,8,3,0,0,0,0,0],[GN_CIE_1,PAINF_CIE_1,PAINF_CIE_2],[AT_CIE_1,PAINF_CIE_3],[AT_CIE_2,GN_CIE_2,PAINF_CIE_4],[PAINF_CIE_5],[AT_CIE_3],[],[],[],[],[]
Instance 430,[100,43,21,10,16,10,0,0,0,0,0,0],[GN_CIE_1,PAINF_CIE_1,PAINF_CIE_2],[AT_CIE_1,PAINF_CIE_3],[AT_CIE_2,GN_CIE_2,PAINF_CIE_4],[AT_CIE_3,PAINF_CIE_5],[],[],[],[],[],[]
Instance 431,[101,43,21,10,24,3,0,0,0,0,0,0],[GN_CIE_1,PAINF_CIE_1,PAINF_CIE_2],[AT_CIE_1,PAINF_CIE_3],[AT_CIE_2,GN_CIE_2,PAINF_CIE_4,PAINF_CIE_5],[AT_CIE_3],[],[],[],[],[],[]
Instance 432,[100,43,21,10,26,0,0,0,0,0,0,0],[GN_CIE_1,PAINF_CIE_1,PAINF_CIE_2],[AT_CIE_1,PAINF_CIE_3],[AT_CIE_2,AT_CIE_3,GN_CIE_2,PAINF_CIE_4,PAINF_CIE_5],[],[],[],[],[],[],[]
Instance 433,[102,43,21,13,6,8,8,3,0,0,0,0],[GN_CIE_1,PAINF_CIE_1,PAINF_CIE_2],[AT_CIE_1,AT_CIE_2,PAINF_CIE_3],[GN_CIE_2],[PAINF_CIE_4],[PAINF_CIE_5],[AT_CIE_3],[],[],[],[]
Instance 434,[101,43,21,13,6,8,10,0,0,0,0,0],[GN_CIE_1,PAINF_CIE_1,PAINF_CIE_2],[AT_CIE_1,AT_CIE_2,PAINF_CIE_3],[GN_CIE_2],[PAINF_CIE_4],[AT_CIE_3,PAINF_CIE_5],[],[],[],[],[]
Instance 435,[102,43,21,13,6,16,3,0,0,0,0,0],[GN_CIE_1,PAINF_CIE_1,PAINF_CIE_2],[AT_CIE_1,AT_CIE_2,PAINF_CIE_3],[GN_CIE_2],[PAINF_CIE_4,PAINF_CIE_5],[AT_CIE_3],[],[],[],[],[]
Instance 436,[101,43,21,13,6,18,0,0,0,0,0,0],[GN_CIE_1,PAINF_CIE_1,PAINF_CIE_2],[AT_CIE_1,AT_CIE_2,PAINF_CIE_3],[GN_CIE_2],[AT_CIE_3,PAINF_CIE_4,PAINF_CIE_5],[],[],[],[],[],[]
Instance 437,[102,43,21,13,14,8,3,0,0,0,0,0],[GN_CIE_1,PAINF_CIE_1,PAINF_CIE_2],[AT_CIE_1,AT_CIE_2,PAINF_CIE_3],[GN_CIE_2,PAINF_CIE_4],[PAINF_CIE_5],[AT_CIE_3],[],[],[],[],[]
Instance 438,[101,43,21,13,14,10,0,0,0,0,0,0],[GN_CIE_1,PAINF_CIE_1,PAINF_CIE_2],[AT_CIE_1,AT_CIE_2,PAINF_CIE_3],[GN_CIE_2,PAINF_CIE_4],[AT_CIE_3,PAINF_CIE_5],[],[],[],[],[],[]
Instance 439,[101,43,21,13,21,3,0,0,0,0,0,0],[GN_CIE_1,PAINF_CIE_1,PAINF_CIE_2],[AT_CIE_1,AT_CIE_2,PAINF_CIE_3],[GN_CIE_2,PAINF_CIE_4,PAINF_CIE_5],[AT_CIE_3],[],[],[],[],[],[]
Instance 440,[101,43,21,13,24,0,0,0,0,0,0,0],[GN_CIE_1,PAINF_CIE_1,PAINF_CIE_2],[AT_CIE_1,AT_CIE_2,PAINF_CIE_3],[AT_CIE_3,GN_CIE_2,PAINF_CIE_4,PAINF_CIE_5],[],[],[],[],[],[],[]
Instance 441,[101,43,21,18,8,8,3,0,0,0,0,0],[GN_CIE_1,PAINF_CIE_1,PAINF_CIE_2],[AT_CIE_1,AT_CIE_2,GN_CIE_2,PAINF_CIE_3],[PAINF_CIE_4],[PAINF_CIE_5],[AT_CIE_3],[],[],[],[],[]
Instance 442,[100,43,21,18,8,10,0,0,0,0,0,0],[GN_CIE_1,PAINF_CIE_1,PAINF_CIE_2],[AT_CIE_1,AT_CIE_2,GN_CIE_2,PAINF_CIE_3],[PAINF_CIE_4],[AT_CIE_3,PAINF_CIE_5],[],[],[],[],[],[]
Instance 443,[101,43,21,18,16,3,0,0,0,0,0,0],[GN_CIE_1,PAINF_CIE_1,PAINF_CIE_2],[AT_CIE_1,AT_CIE_2,GN_CIE_2,PAINF_CIE_3],[PAINF_CIE_4,PAINF_CIE_5],[AT_CIE_3],[],[],[],[],[],[]
Instance 444,[100,43,21,18,18,0,0,0,0,0,0,0],[GN_CIE_1,PAINF_CIE_1,PAINF_CIE_2],[AT_CIE_1,AT_CIE_2,GN_CIE_2,PAINF_CIE_3],[AT_CIE_3,PAINF_CIE_4,PAINF_CIE_5],[],[],[],[],[],[],[]
Instance 445,[101,43,21,26,8,3,0,0,0,0,0,0],[GN_CIE_1,PAINF_CIE_1,PAINF_CIE_2],[AT_CIE_1,AT_CIE_2,GN_CIE_2,PAINF_CIE_3,PAINF_CIE_4],[PAINF_CIE_5],[AT_CIE_3],[],[],[],[],[],[]
Instance 446,[100,43,21,26,10,0,0,0,0,0,0,0],[GN_CIE_1,PAINF_CIE_1,PAINF_CIE_2],[AT_CIE_1,AT_CIE_2,GN_CIE_2,PAINF_CIE_3,PAINF_CIE_4],[AT_CIE_3,PAINF_CIE_5],[],[],[],[],[],[],[]
Instance 447,[101,43,21,34,3,0,0,0,0,0,0,0],[GN_CIE_1,PAINF_CIE_1,PAINF_CIE_2],[AT_CIE_1,AT_CIE_2,GN_CIE_2,PAINF_CIE_3,PAINF_CIE_4,PAINF_CIE_5],[AT_CIE_3],[],[],[],[],[],[],[]
Instance 448,[100,43,21,36,0,0,0,0,0,0,0,0],[GN_CIE_1,PAINF_CIE_1,PAINF_CIE_2],[AT_CIE_1,AT_CIE_2,AT_CIE_3,GN_CIE_2,PAINF_CIE_3,PAINF_CIE_4,PAINF_CIE_5],[],[],[],[],[],[],[],[]
Instance 449,[103,43,29,3,3,6,8,8,3,0,0,0],[GN_CIE_1,PAINF_CIE_1,PAINF_CIE_2,PAINF_CIE_3],[AT_CIE_1],[AT_CIE_2],[GN_CIE_2],[PAINF_CIE_4],[PAINF_CIE_5],[AT_CIE_3],[],[],[]
Instance 450,[102,43,29,3,3,6,8,10,0,0,0,0],[GN_CIE_1,PAINF_CIE_1,PAINF_CIE_2,PAINF_CIE_3],[AT_CIE_1],[AT_CIE_2],[GN_CIE_2],[PAINF_CIE_4],[AT_CIE_3,PAINF_CIE_5],[],[],[],[]
Instance 451,[103,43,29,3,3,6,16,3,0,0,0,0],[GN_CIE_1,PAINF_CIE_1,PAINF_CIE_2,PAINF_CIE_3],[AT_CIE_1],[AT_CIE_2],[GN_CIE_2],[PAINF_CIE_4,PAINF_CIE_5],[AT_CIE_3],[],[],[],[]
Instance 452,[102,43,29,3,3,6,18,0,0,0,0,0],[GN_CIE_1,PAINF_CIE_1,PAINF_CIE_2,PAINF_CIE_3],[AT_CIE_1],[AT_CIE_2],[GN_CIE_2],[AT_CIE_3,PAINF_CIE_4,PAINF_CIE_5],[],[],[],[],[]
Instance 453,[103,43,29,3,3,14,8,3,0,0,0,0],[GN_CIE_1,PAINF_CIE_1,PAINF_CIE_2,PAINF_CIE_3],[AT_CIE_1],[AT_CIE_2],[GN_CIE_2,PAINF_CIE_4],[PAINF_CIE_5],[AT_CIE_3],[],[],[],[]
Instance 454,[102,43,29,3,3,14,10,0,0,0,0,0],[GN_CIE_1,PAINF_CIE_1,PAINF_CIE_2,PAINF_CIE_3],[AT_CIE_1],[AT_CIE_2],[GN_CIE_2,PAINF_CIE_4],[AT_CIE_3,PAINF_CIE_5],[],[],[],[],[]
Instance 455,[102,43,29,3,3,21,3,0,0,0,0,0],[GN_CIE_1,PAINF_CIE_1,PAINF_CIE_2,PAINF_CIE_3],[AT_CIE_1],[AT_CIE_2],[GN_CIE_2,PAINF_CIE_4,PAINF_CIE_5],[AT_CIE_3],[],[],[],[],[]
Instance 456,[102,43,29,3,3,24,0,0,0,0,0,0],[GN_CIE_1,PAINF_CIE_1,PAINF_CIE_2,PAINF_CIE_3],[AT_CIE_1],[AT_CIE_2],[AT_CIE_3,GN_CIE_2,PAINF_CIE_4,PAINF_CIE_5],[],[],[],[],[],[]
Instance 457,[102,43,29,3,8,8,8,3,0,0,0,0],[GN_CIE_1,PAINF_CIE_1,PAINF_CIE_2,PAINF_CIE_3],[AT_CIE_1],[AT_CIE_2,GN_CIE_2],[PAINF_CIE_4],[PAINF_CIE_5],[AT_CIE_3],[],[],[],[]
Instance 458,[101,43,29,3,8,8,10,0,0,0,0,0],[GN_CIE_1,PAINF_CIE_1,PAINF_CIE_2,PAINF_CIE_3],[AT_CIE_1],[AT_CIE_2,GN_CIE_2],[PAINF_CIE_4],[AT_CIE_3,PAINF_CIE_5],[],[],[],[],[]
Instance 459,[102,43,29,3,8,16,3,0,0,0,0,0],[GN_CIE_1,PAINF_CIE_1,PAINF_CIE_2,PAINF_CIE_3],[AT_CIE_1],[AT_CIE_2,GN_CIE_2],[PAINF_CIE_4,PAINF_CIE_5],[AT_CIE_3],[],[],[],[],[]
Instance 460,[101,43,29,3,8,18,0,0,0,0,0,0],[GN_CIE_1,PAINF_CIE_1,PAINF_CIE_2,PAINF_CIE_3],[AT_CIE_1],[AT_CIE_2,GN_CIE_2],[AT_CIE_3,PAINF_CIE_4,PAINF_CIE_5],[],[],[],[],[],[]
Instance 461,[102,43,29,3,16,8,3,0,0,0,0,0],[GN_CIE_1,PAINF_CIE_1,PAINF_CIE_2,PAINF_CIE_3],[AT_CIE_1],[AT_CIE_2,GN_CIE_2,PAINF_CIE_4],[PAINF_CIE_5],[AT_CIE_3],[],[],[],[],[]
Instance 462,[101,43,29,3,16,10,0,0,0,0,0,0],[GN_CIE_1,PAINF_CIE_1,PAINF_CIE_2,PAINF_CIE_3],[AT_CIE_1],[AT_CIE_2,GN_CIE_2,PAINF_CIE_4],[AT_CIE_3,PAINF_CIE_5],[],[],[],[],[],[]
Instance 463,[102,43,29,3,24,3,0,0,0,0,0,0],[GN_CIE_1,PAINF_CIE_1,PAINF_CIE_2,PAINF_CIE_3],[AT_CIE_1],[AT_CIE_2,GN_CIE_2,PAINF_CIE_4,PAINF_CIE_5],[AT_CIE_3],[],[],[],[],[],[]
Instance 464,[101,43,29,3,26,0,0,0,0,0,0,0],[GN_CIE_1,PAINF_CIE_1,PAINF_CIE_2,PAINF_CIE_3],[AT_CIE_1],[AT_CIE_2,AT_CIE_3,GN_CIE_2,PAINF_CIE_4,PAINF_CIE_5],[],[],[],[],[],[],[]
Instance 465,[102,43,29,5,6,8,8,3,0,0,0,0],[GN_CIE_1,PAINF_CIE_1,PAINF_CIE_2,PAINF_CIE_3],[AT_CIE_1,AT_CIE_2],[GN_CIE_2],[PAINF_CIE_4],[PAINF_CIE_5],[AT_CIE_3],[],[],[],[]
Instance 466,[101,43,29,5,6,8,10,0,0,0,0,0],[GN_CIE_1,PAINF_CIE_1,PAINF_CIE_2,PAINF_CIE_3],[AT_CIE_1,AT_CIE_2],[GN_CIE_2],[PAINF_CIE_4],[AT_CIE_3,PAINF_CIE_5],[],[],[],[],[]
Instance 467,[102,43,29,5,6,16,3,0,0,0,0,0],[GN_CIE_1,PAINF_CIE_1,PAINF_CIE_2,PAINF_CIE_3],[AT_CIE_1,AT_CIE_2],[GN_CIE_2],[PAINF_CIE_4,PAINF_CIE_5],[AT_CIE_3],[],[],[],[],[]
Instance 468,[101,43,29,5,6,18,0,0,0,0,0,0],[GN_CIE_1,PAINF_CIE_1,PAINF_CIE_2,PAINF_CIE_3],[AT_CIE_1,AT_CIE_2],[GN_CIE_2],[AT_CIE_3,PAINF_CIE_4,PAINF_CIE_5],[],[],[],[],[],[]
Instance 469,[102,43,29,5,14,8,3,0,0,0,0,0],[GN_CIE_1,PAINF_CIE_1,PAINF_CIE_2,PAINF_CIE_3],[AT_CIE_1,AT_CIE_2],[GN_CIE_2,PAINF_CIE_4],[PAINF_CIE_5],[AT_CIE_3],[],[],[],[],[]
Instance 470,[101,43,29,5,14,10,0,0,0,0,0,0],[GN_CIE_1,PAINF_CIE_1,PAINF_CIE_2,PAINF_CIE_3],[AT_CIE_1,AT_CIE_2],[GN_CIE_2,PAINF_CIE_4],[AT_CIE_3,PAINF_CIE_5],[],[],[],[],[],[]
Instance 471,[101,43,29,5,21,3,0,0,0,0,0,0],[GN_CIE_1,PAINF_CIE_1,PAINF_CIE_2,PAINF_CIE_3],[AT_CIE_1,AT_CIE_2],[GN_CIE_2,PAINF_CIE_4,PAINF_CIE_5],[AT_CIE_3],[],[],[],[],[],[]
Instance 472,[101,43,29,5,24,0,0,0,0,0,0,0],[GN_CIE_1,PAINF_CIE_1,PAINF_CIE_2,PAINF_CIE_3],[AT_CIE_1,AT_CIE_2],[AT_CIE_3,GN_CIE_2,PAINF_CIE_4,PAINF_CIE_5],[],[],[],[],[],[],[]
Instance 473,[102,43,29,11,8,8,3,0,0,0,0,0],[GN_CIE_1,PAINF_CIE_1,PAINF_CIE_2,PAINF_CIE_3],[AT_CIE_1,AT_CIE_2,GN_CIE_2],[PAINF_CIE_4],[PAINF_CIE_5],[AT_CIE_3],[],[],[],[],[]
Instance 474,[101,43,29,11,8,10,0,0,0,0,0,0],[GN_CIE_1,PAINF_CIE_1,PAINF_CIE_2,PAINF_CIE_3],[AT_CIE_1,AT_CIE_2,GN_CIE_2],[PAINF_CIE_4],[AT_CIE_3,PAINF_CIE_5],[],[],[],[],[],[]
Instance 475,[102,43,29,11,16,3,0,0,0,0,0,0],[GN_CIE_1,PAINF_CIE_1,PAINF_CIE_2,PAINF_CIE_3],[AT_CIE_1,AT_CIE_2,GN_CIE_2],[PAINF_CIE_4,PAINF_CIE_5],[AT_CIE_3],[],[],[],[],[],[]
Instance 476,[101,43,29,11,18,0,0,0,0,0,0,0],[GN_CIE_1,PAINF_CIE_1,PAINF_CIE_2,PAINF_CIE_3],[AT_CIE_1,AT_CIE_2,GN_CIE_2],[AT_CIE_3,PAINF_CIE_4,PAINF_CIE_5],[],[],[],[],[],[],[]
Instance 477,[101,43,29,18,8,3,0,0,0,0,0,0],[GN_CIE_1,PAINF_CIE_1,PAINF_CIE_2,PAINF_CIE_3],[AT_CIE_1,AT_CIE_2,GN_CIE_2,PAINF_CIE_4],[PAINF_CIE_5],[AT_CIE_3],[],[],[],[],[],[]
Instance 478,[100,43,29,18,10,0,0,0,0,0,0,0],[GN_CIE_1,PAINF_CIE_1,PAINF_CIE_2,PAINF_CIE_3],[AT_CIE_1,AT_CIE_2,GN_CIE_2,PAINF_CIE_4],[AT_CIE_3,PAINF_CIE_5],[],[],[],[],[],[],[]
Instance 479,[101,43,29,26,3,0,0,0,0,0,0,0],[GN_CIE_1,PAINF_CIE_1,PAINF_CIE_2,PAINF_CIE_3],[AT_CIE_1,AT_CIE_2,GN_CIE_2,PAINF_CIE_4,PAINF_CIE_5],[AT_CIE_3],[],[],[],[],[],[],[]
Instance 480,[100,43,29,28,0,0,0,0,0,0,0,0],[GN_CIE_1,PAINF_CIE_1,PAINF_CIE_2,PAINF_CIE_3],[AT_CIE_1,AT_CIE_2,AT_CIE_3,GN_CIE_2,PAINF_CIE_4,PAINF_CIE_5],[],[],[],[],[],[],[],[]
Instance 481,[102,43,31,3,6,8,8,3,0,0,0,0],[AT_CIE_1,GN_CIE_1,PAINF_CIE_1,PAINF_CIE_2,PAINF_CIE_3],[AT_CIE_2],[GN_CIE_2],[PAINF_CIE_4],[PAINF_CIE_5],[AT_CIE_3],[],[],[],[]
Instance 482,[101,43,31,3,6,8,10,0,0,0,0,0],[AT_CIE_1,GN_CIE_1,PAINF_CIE_1,PAINF_CIE_2,PAINF_CIE_3],[AT_CIE_2],[GN_CIE_2],[PAINF_CIE_4],[AT_CIE_3,PAINF_CIE_5],[],[],[],[],[]
Instance 483,[102,43,31,3,6,16,3,0,0,0,0,0],[AT_CIE_1,GN_CIE_1,PAINF_CIE_1,PAINF_CIE_2,PAINF_CIE_3],[AT_CIE_2],[GN_CIE_2],[PAINF_CIE_4,PAINF_CIE_5],[AT_CIE_3],[],[],[],[],[]
Instance 484,[101,43,31,3,6,18,0,0,0,0,0,0],[AT_CIE_1,GN_CIE_1,PAINF_CIE_1,PAINF_CIE_2,PAINF_CIE_3],[AT_CIE_2],[GN_CIE_2],[AT_CIE_3,PAINF_CIE_4,PAINF_CIE_5],[],[],[],[],[],[]
Instance 485,[102,43,31,3,14,8,3,0,0,0,0,0],[AT_CIE_1,GN_CIE_1,PAINF_CIE_1,PAINF_CIE_2,PAINF_CIE_3],[AT_CIE_2],[GN_CIE_2,PAINF_CIE_4],[PAINF_CIE_5],[AT_CIE_3],[],[],[],[],[]
Instance 486,[101,43,31,3,14,10,0,0,0,0,0,0],[AT_CIE_1,GN_CIE_1,PAINF_CIE_1,PAINF_CIE_2,PAINF_CIE_3],[AT_CIE_2],[GN_CIE_2,PAINF_CIE_4],[AT_CIE_3,PAINF_CIE_5],[],[],[],[],[],[]
Instance 487,[101,43,31,3,21,3,0,0,0,0,0,0],[AT_CIE_1,GN_CIE_1,PAINF_CIE_1,PAINF_CIE_2,PAINF_CIE_3],[AT_CIE_2],[GN_CIE_2,PAINF_CIE_4,PAINF_CIE_5],[AT_CIE_3],[],[],[],[],[],[]
Instance 488,[101,43,31,3,24,0,0,0,0,0,0,0],[AT_CIE_1,GN_CIE_1,PAINF_CIE_1,PAINF_CIE_2,PAINF_CIE_3],[AT_CIE_2],[AT_CIE_3,GN_CIE_2,PAINF_CIE_4,PAINF_CIE_5],[],[],[],[],[],[],[]
Instance 489,[101,43,31,8,8,8,3,0,0,0,0,0],[AT_CIE_1,GN_CIE_1,PAINF_CIE_1,PAINF_CIE_2,PAINF_CIE_3],[AT_CIE_2,GN_CIE_2],[PAINF_CIE_4],[PAINF_CIE_5],[AT_CIE_3],[],[],[],[],[]
Instance 490,[100,43,31,8,8,10,0,0,0,0,0,0],[AT_CIE_1,GN_CIE_1,PAINF_CIE_1,PAINF_CIE_2,PAINF_CIE_3],[AT_CIE_2,GN_CIE_2],[PAINF_CIE_4],[AT_CIE_3,PAINF_CIE_5],[],[],[],[],[],[]
Instance 491,[101,43,31,8,16,3,0,0,0,0,0,0],[AT_CIE_1,GN_CIE_1,PAINF_CIE_1,PAINF_CIE_2,PAINF_CIE_3],[AT_CIE_2,GN_CIE_2],[PAINF_CIE_4,PAINF_CIE_5],[AT_CIE_3],[],[],[],[],[],[]
Instance 492,[100,43,31,8,18,0,0,0,0,0,0,0],[AT_CIE_1,GN_CIE_1,PAINF_CIE_1,PAINF_CIE_2,PAINF_CIE_3],[AT_CIE_2,GN_CIE_2],[AT_CIE_3,PAINF_CIE_4,PAINF_CIE_5],[],[],[],[],[],[],[]
Instance 493,[101,43,31,16,8,3,0,0,0,0,0,0],[AT_CIE_1,GN_CIE_1,PAINF_CIE_1,PAINF_CIE_2,PAINF_CIE_3],[AT_CIE_2,GN_CIE_2,PAINF_CIE_4],[PAINF_CIE_5],[AT_CIE_3],[],[],[],[],[],[]
Instance 494,[100,43,31,16,10,0,0,0,0,0,0,0],[AT_CIE_1,GN_CIE_1,PAINF_CIE_1,PAINF_CIE_2,PAINF_CIE_3],[AT_CIE_2,GN_CIE_2,PAINF_CIE_4],[AT_CIE_3,PAINF_CIE_5],[],[],[],[],[],[],[]
Instance 495,[101,43,31,24,3,0,0,0,0,0,0,0],[AT_CIE_1,GN_CIE_1,PAINF_CIE_1,PAINF_CIE_2,PAINF_CIE_3],[AT_CIE_2,GN_CIE_2,PAINF_CIE_4,PAINF_CIE_5],[AT_CIE_3],[],[],[],[],[],[],[]
Instance 496,[100,43,31,26,0,0,0,0,0,0,0,0],[AT_CIE_1,GN_CIE_1,PAINF_CIE_1,PAINF_CIE_2,PAINF_CIE_3],[AT_CIE_2,AT_CIE_3,GN_CIE_2,PAINF_CIE_4,PAINF_CIE_5],[],[],[],[],[],[],[],[]
Instance 497,[102,43,34,6,8,8,3,0,0,0,0,0],[AT_CIE_1,AT_CIE_2,GN_CIE_1,PAINF_CIE_1,PAINF_CIE_2,PAINF_CIE_3],[GN_CIE_2],[PAINF_CIE_4],[PAINF_CIE_5],[AT_CIE_3],[],[],[],[],[]
Instance 498,[101,43,34,6,8,10,0,0,0,0,0,0],[AT_CIE_1,AT_CIE_2,GN_CIE_1,PAINF_CIE_1,PAINF_CIE_2,PAINF_CIE_3],[GN_CIE_2],[PAINF_CIE_4],[AT_CIE_3,PAINF_CIE_5],[],[],[],[],[],[]
Instance 499,[102,43,34,6,16,3,0,0,0,0,0,0],[AT_CIE_1,AT_CIE_2,GN_CIE_1,PAINF_CIE_1,PAINF_CIE_2,PAINF_CIE_3],[GN_CIE_2],[PAINF_CIE_4,PAINF_CIE_5],[AT_CIE_3],[],[],[],[],[],[]
Instance 500,[101,43,34,6,18,0,0,0,0,0,0,0],[AT_CIE_1,AT_CIE_2,GN_CIE_1,PAINF_CIE_1,PAINF_CIE_2,PAINF_CIE_3],[GN_CIE_2],[AT_CIE_3,PAINF_CIE_4,PAINF_CIE_5],[],[],[],[],[],[],[]
Instance 501,[102,43,34,14,8,3,0,0,0,0,0,0],[AT_CIE_1,AT_CIE_2,GN_CIE_1,PAINF_CIE_1,PAINF_CIE_2,PAINF_CIE_3],[GN_CIE_2,PAINF_CIE_4],[PAINF_CIE_5],[AT_CIE_3],[],[],[],[],[],[]
Instance 502,[101,43,34,14,10,0,0,0,0,0,0,0],[AT_CIE_1,AT_CIE_2,GN_CIE_1,PAINF_CIE_1,PAINF_CIE_2,PAINF_CIE_3],[GN_CIE_2,PAINF_CIE_4],[AT_CIE_3,PAINF_CIE_5],[],[],[],[],[],[],[]
Instance 503,[101,43,34,21,3,0,0,0,0,0,0,0],[AT_CIE_1,AT_CIE_2,GN_CIE_1,PAINF_CIE_1,PAINF_CIE_2,PAINF_CIE_3],[GN_CIE_2,PAINF_CIE_4,PAINF_CIE_5],[AT_CIE_3],[],[],[],[],[],[],[]
Instance 504,[101,43,34,24,0,0,0,0,0,0,0,0],[AT_CIE_1,AT_CIE_2,GN_CIE_1,PAINF_CIE_1,PAINF_CIE_2,PAINF_CIE_3],[AT_CIE_3,GN_CIE_2,PAINF_CIE_4,PAINF_CIE_5],[],[],[],[],[],[],[],[]
Instance 505,[101,43,39,8,8,3,0,0,0,0,0,0],[AT_CIE_1,AT_CIE_2,GN_CIE_1,GN_CIE_2,PAINF_CIE_1,PAINF_CIE_2,PAINF_CIE_3],[PAINF_CIE_4],[PAINF_CIE_5],[AT_CIE_3],[],[],[],[],[],[]
Instance 506,[100,43,39,8,10,0,0,0,0,0,0,0],[AT_CIE_1,AT_CIE_2,GN_CIE_1,GN_CIE_2,PAINF_CIE_1,PAINF_CIE_2,PAINF_CIE_3],[PAINF_CIE_4],[AT_CIE_3,PAINF_CIE_5],[],[],[],[],[],[],[]
Instance 507,[101,43,39,16,3,0,0,0,0,0,0,0],[AT_CIE_1,AT_CIE_2,GN_CIE_1,GN_CIE_2,PAINF_CIE_1,PAINF_CIE_2,PAINF_CIE_3],[PAINF_CIE_4,PAINF_CIE_5],[AT_CIE_3],[],[],[],[],[],[],[]
Instance 508,[100,43,39,18,0,0,0,0,0,0,0,0],[AT_CIE_1,AT_CIE_2,GN_CIE_1,GN_CIE_2,PAINF_CIE_1,PAINF_CIE_2,PAINF_CIE_3],[AT_CIE_3,PAINF_CIE_4,PAINF_CIE_5],[],[],[],[],[],[],[],[]
Instance 509,[101,43,47,8,3,0,0,0,0,0,0,0],[AT_CIE_1,AT_CIE_2,GN_CIE_1,GN_CIE_2,PAINF_CIE_1,PAINF_CIE_2,PAINF_CIE_3,PAINF_CIE_4],[PAINF_CIE_5],[AT_CIE_3],[],[],[],[],[],[],[]
Instance 510,[100,43,47,10,0,0,0,0,0,0,0,0],[AT_CIE_1,AT_CIE_2,GN_CIE_1,GN_CIE_2,PAINF_CIE_1,PAINF_CIE_2,PAINF_CIE_3,PAINF_CIE_4],[AT_CIE_3,PAINF_CIE_5],[],[],[],[],[],[],[],[]
Instance 511,[101,43,55,3,0,0,0,0,0,0,0,0],[AT_CIE_1,AT_CIE_2,GN_CIE_1,GN_CIE_2,PAINF_CIE_1,PAINF_CIE_2,PAINF_CIE_3,PAINF_CIE_4,PAINF_CIE_5],[AT_CIE_3],[],[],[],[],[],[],[],[]
Instance 512,[100,43,57,0,0,0,0,0,0,0,0,0],[AT_CIE_1,AT_CIE_2,AT_CIE_3,GN_CIE_1,GN_CIE_2,PAINF_CIE_1,PAINF_CIE_2,PAINF_CIE_3,PAINF_CIE_4,PAINF_CIE_5],[],[],[],[],[],[],[],[],[]
